Retailer,Title,Product,Price,SKU,Website
agjeans,Ezzra,TRUE BOYFRIEND,"₹22,300.00",VBS1C50BC18YPSO,/ezzra-VBS1C50BC18YPSO.html
agjeans,Farrah Skinny,HIGH-RISE SKINNY,"₹19,800.00",EMP1379TWIL,/farrah-skinny-EMP1379TWIL.html
agjeans,Mari,CORDUROY HIGH-RISE SLIM STRAIGHT,"₹21,300.00",HZC187501YSBL,/mari-HZC187501YSBL.html
agjeans,Farrah Skinny Ankle,HIGH-RISE SKINNY,"₹22,300.00",DBD1777LMGUNM,/farrah-skinny-ankle-DBD1777LMGUNM.html
agjeans,Saige,HIGH-RISE STRAIGHT,"₹19,800.00",JRN1A99EAST,/saige-JRN1A99EAST.html
agjeans,Mari,CORDUROY HIGH-RISE SLIM STRAIGHT,"₹19,800.00",EMP1875TWIL,/mari-EMP1875TWIL.html
agjeans,Farrah Skinny,HIGH-RISE SKINNY,"₹19,800.00",TVN1379MOIC,/farrah-skinny-TVN1379MOIC.html
agjeans,Haruko Skirt,VINTAGE A- LINE SKIRT,"₹19,600.00",BKS5570VNDSON,/haruko-skirt-BKS5570VNDSON.html
agjeans,Alexxis Slim,VINTAGE SLIM,"₹21,300.00",DSD1B7603YSBL,/alexxis-slim-DSD1B7603YSBL.html
agjeans,Alexxis Slim,VINTAGE SLIM,"₹21,300.00",DSD1B7603YARG,/alexxis-slim-DSD1B7603YARG.html
agjeans,Ex-Boyfriend Slim,SLOUCHY SLIM,"₹22,300.00",DAS157520YVOG,/ex-boyfriend-slim-DAS157520YVOG.html
agjeans,Farrah Skinny Ankle,HIGH-RISE SKINNY,"₹22,300.00",EMP1777TR16YLTH,/farrah-skinny-ankle-EMP1777TR16YLTH.html
agjeans,Alexxis,VINTAGE STRAIGHT,"₹24,300.00",VBS1C65BC18YPSO,/alexxis-VBS1C65BC18YPSO.html
agjeans,Ex-Boyfriend Slim,SLOUCHY SLIM,"₹19,800.00",LED1575SBOX,/ex-boyfriend-slim-LED1575SBOX.html
agjeans,Clove,RELAXED VINTAGE STRAIGHT,"₹23,300.00",SGD1C14BC21YPFO,/clove-SGD1C14BC21YPFO.html
agjeans,Alexxis Slim,VINTAGE SLIM,"₹19,800.00",LED1B76SBOX,/alexxis-slim-LED1B76SBOX.html
agjeans,Clove,RELAXED VINTAGE STRAIGHT,"₹21,300.00",BKS1C14BTDSON,/clove-BKS1C14BTDSON.html
agjeans,Alexxis,VINTAGE STRAIGHT,"₹21,300.00",BKS1979BTDSON,/alexxis-BKS1979BTDSON.html
agjeans,Alexxis Slim,VINTAGE SLIM,"₹22,300.00",VBS1B76BC18YPSO,/alexxis-slim-VBS1B76BC18YPSO.html
agjeans,Ezzra,TRUE BOYFRIEND,"₹21,800.00",BKS1C50BC28YCAW,/ezzra-BKS1C50BC28YCAW.html
agjeans,Ex-Boyfriend Slim,SLOUCHY SLIM,"₹24,300.00",LED1C66SWON,/ex-boyfriend-slim-LED1C66SWON.html
agjeans,Deven,HIGH-RISE ULTRA WIDE LEG,"₹23,300.00",SGD1B64RM17YWKE,/deven-SGD1B64RM17YWKE.html
agjeans,Farrah Skinny,HIGH-RISE SKINNY,"₹19,800.00",HSI1379FAVE,/farrah-skinny-HSI1379FAVE.html
agjeans,Prima Crop,CIGARETTE LEG,"₹22,300.00",PSI1557BT14YONG,/prima-crop-PSI1557BT14YONG.html
agjeans,Saige,HIGH-RISE STRAIGHT,"₹21,300.00",LED1A99BTMREY,/saige-LED1A99BTMREY.html
agjeans,Alexxis Boot,VINTAGE BOOT,"₹22,300.00",LED1B75VN17YWVW,/alexxis-boot-LED1B75VN17YWVW.html
agjeans,Legging Ankle,SUPER SKINNY ANKLE,"₹22,300.00",PSI1389BT14YONG,/legging-ankle-PSI1389BT14YONG.html
agjeans,Mari Crop,HIGH-RISE SLIM STRAIGHT,"₹20,800.00",RAS1A48SUNT,/mari-crop-RAS1A48SUNT.html
agjeans,Nikki Short,RELAXED SKINNY SHORT,"₹16,700.00",LED1604VNVYRD,/nikki-short-LED1604VNVYRD.html
agjeans,Ex-Boyfriend Slim,SLOUCHY SLIM,"₹22,800.00",LED157517YWUT,/ex-boyfriend-slim-LED157517YWUT.html
agjeans,Farrah Skinny Ankle,HIGH-RISE SKINNY,"₹22,300.00",PSI1777BT14YONG,/farrah-skinny-ankle-PSI1777BT14YONG.html
agjeans,Mari,HIGH-RISE SLIM STRAIGHT,"₹21,300.00",DSD1875SLROVE,/mari-DSD1875SLROVE.html
agjeans,Saige,HIGH-RISE STRAIGHT,"₹21,300.00",DSD1A99AWHT,/saige-DSD1A99AWHT.html
agjeans,Ex-Boyfriend Slim,SLOUCHY SLIM,"₹22,300.00",HYI157511YSEK,/ex-boyfriend-slim-HYI157511YSEK.html
agjeans,Sloane Short,VINTAGE BOYFRIEND SHORT,"₹17,700.00",LGN1B87BOCH,/sloane-short-LGN1B87BOCH.html
agjeans,Ezzra,TRUE BOYFRIEND,"₹22,300.00",CWS1A48WY20YHDT,/mari-crop-CWS1A48WY20YHDT.html
agjeans,Farrah Skinny,HIGH-RISE SKINNY,"₹19,800.00",CWS1777WY20YHDT,/farrah-skinny-ankle-CWS1777WY20YHDT.html
agjeans,Mari,CORDUROY HIGH-RISE SLIM STRAIGHT,"₹21,300.00",DSD1875SLBOBE,/mari-DSD1875SLBOBE.html
agjeans,Farrah Skinny Ankle,HIGH-RISE SKINNY,"₹22,300.00",EMP1379WY15YSSP,/farrah-EMP1379WY15YSSP.html
agjeans,Saige,HIGH-RISE STRAIGHT,"₹19,800.00",LED1A9817YWVW,/knoxx-LED1A9817YWVW.html
agjeans,Mari,CORDUROY HIGH-RISE SLIM STRAIGHT,"₹19,800.00",LED1B76VYRD,/alexxis-slim-LED1B76VYRD.html
agjeans,Farrah Skinny,HIGH-RISE SKINNY,"₹19,800.00",VBS1B75VNSSOL,/alexxis-boot-VBS1B75VNSSOL.html
agjeans,Haruko Skirt,VINTAGE A- LINE SKIRT,"₹19,600.00",HRD1575BTEBSBFC,/ex-boyfriend-slim-HRD1575BTEBSBFC.html
agjeans,Alexxis Slim,VINTAGE SLIM,"₹21,300.00",LED1986VN17YWVW,/alexxis-crop-LED1986VN17YWVW.html
agjeans,Alexxis Slim,VINTAGE SLIM,"₹21,300.00",VBS1C05VNSSOL,/kinsley-VBS1C05VNSSOL.html
agjeans,Ex-Boyfriend Slim,SLOUCHY SLIM,"₹22,300.00",LED1714VN17YWVW,/hailey-cut-off-short-LED1714VN17YWVW.html
agjeans,Farrah Skinny Ankle,HIGH-RISE SKINNY,"₹22,300.00",NBD1A98AWDT,/knoxx-NBD1A98AWDT.html
agjeans,Alexxis,VINTAGE STRAIGHT,"₹24,300.00",LED1B7623YUTO,/alexxis-slim-LED1B7623YUTO.html
agjeans,Ex-Boyfriend Slim,SLOUCHY SLIM,"₹19,800.00",VBS1979CVSSOL,/alexxis-VBS1979CVSSOL.html
agjeans,Clove,RELAXED VINTAGE STRAIGHT,"₹23,300.00",SGD1C05WY21YCBY,/kinsley-SGD1C05WY21YCBY.html
agjeans,Alexxis Slim,VINTAGE SLIM,"₹19,800.00",DAS15752TCATR,/ex-boyfriend-slim-DAS15752TCATR.html
agjeans,Clove,RELAXED VINTAGE STRAIGHT,"₹21,300.00",LED157510YALI,/ex-boyfriend-slim-LED157510YALI.html
agjeans,Alexxis,VINTAGE STRAIGHT,"₹21,300.00",PSI1875OPUB,/mari-PSI1875OPUB.html
agjeans,Alexxis Slim,VINTAGE SLIM,"₹22,300.00",RAS137910YALI,/farrah-skinny-RAS137910YALI.html
agjeans,Ezzra,TRUE BOYFRIEND,"₹21,800.00",EMP1875PAZA,/mari-EMP1875PAZA.html
agjeans,Ex-Boyfriend Slim,SLOUCHY SLIM,"₹24,300.00",DSD1855WHT,/prima-ankle-DSD1855WHT.html
agjeans,Deven,HIGH-RISE ULTRA WIDE LEG,"₹23,300.00",STS1575BLKC,/ex-boyfriend-slim-STS1575BLKC.html
agjeans,Farrah Skinny,HIGH-RISE SKINNY,"₹19,800.00",PSI1777OPUB,/farrah-skinny-ankle-PSI1777OPUB.html
agjeans,Prima Crop,CIGARETTE LEG,"₹22,300.00",PSI1729OPUB,/mila-PSI1729OPUB.html
agjeans,Saige,HIGH-RISE STRAIGHT,"₹21,300.00",DBD1777RH01YMBD,/farrah-skinny-ankle-DBD1777RH01YMBD.html
agjeans,Alexxis Boot,VINTAGE BOOT,"₹22,300.00",VBS157510YELL,/ex-boyfriend-slim-VBS157510YELL.html
agjeans,Legging Ankle,SUPER SKINNY ANKLE,"₹22,300.00",PSI1434OPUB,/prima-PSI1434OPUB.html
agjeans,Mari Crop,HIGH-RISE SLIM STRAIGHT,"₹20,800.00",HYD1875WTCM,/mari-HYD1875WTCM.html
agjeans,Nikki Short,RELAXED SKINNY SHORT,"₹16,700.00",EMP177712YCHK,/farrah-skinny-ankle-EMP177712YCHK.html
agjeans,Ex-Boyfriend Slim,SLOUCHY SLIM,"₹22,800.00",RAS187515YSHL,/mari-RAS187515YSHL.html
agjeans,Farrah Skinny Ankle,HIGH-RISE SKINNY,"₹22,300.00",RAS1875ATTC,/mari-RAS1875ATTC.html
agjeans,Mari,HIGH-RISE SLIM STRAIGHT,"₹21,300.00",RAS143410YALI,/prima-RAS143410YALI.html
agjeans,Saige,HIGH-RISE STRAIGHT,"₹21,300.00",CWS1434NPAV,/prima-CWS1434NPAV.html
agjeans,Ex-Boyfriend Slim,SLOUCHY SLIM,"₹22,300.00",RAS1434CIEL,/prima-RAS1434CIEL.html
agjeans,Sloane Short,VINTAGE BOYFRIEND SHORT,"₹17,700.00",CWS1875NPAV,/mari-CWS1875NPAV.html
agjeans,Ezzra,TRUE BOYFRIEND,"₹22,300.00",DSD187501YTWT,/mari-DSD187501YTWT.html
agjeans,Farrah Skinny,HIGH-RISE SKINNY,"₹19,800.00",EMP4087CDWT,/robyn-jacket-EMP4087CDWT.html
agjeans,Mari,CORDUROY HIGH-RISE SLIM STRAIGHT,"₹21,300.00",HSI138917YVUR,/legging-ankle-HSI138917YVUR.html
agjeans,Farrah Skinny Ankle,HIGH-RISE SKINNY,"₹22,300.00",HSI177717YVUR,/farrah-skinny-ankle-HSI177717YVUR.html
agjeans,Saige,HIGH-RISE STRAIGHT,"₹19,800.00",LED1B76ARWY,/alexxis-slim-LED1B76ARWY.html
agjeans,Mari,CORDUROY HIGH-RISE SLIM STRAIGHT,"₹19,800.00",RAS138910YALI,/legging-ankle-RAS138910YALI.html
agjeans,Farrah Skinny,HIGH-RISE SKINNY,"₹19,800.00",HYD1875DYDT,/mari-HYD1875DYDT.html
agjeans,Haruko Skirt,VINTAGE A- LINE SKIRT,"₹19,600.00",EMP187526YBCS,/mari-EMP187526YBCS.html
agjeans,Alexxis Slim,VINTAGE SLIM,"₹21,300.00",VBS157514YMEN,/ex-boyfriend-slim-VBS157514YMEN.html
agjeans,Alexxis Slim,VINTAGE SLIM,"₹21,300.00",CWS1777NPAV,/farrah-skinny-ankle-CWS1777NPAV.html
agjeans,Ex-Boyfriend Slim,SLOUCHY SLIM,"₹22,300.00",RAS1855BT17YDAY,/prima-ankle-RAS1855BT17YDAY.html
agjeans,Farrah Skinny Ankle,HIGH-RISE SKINNY,"₹22,300.00",RAS1777BTFILL,/farrah-ankle-RAS1777BTFILL.html
agjeans,Alexxis,VINTAGE STRAIGHT,"₹24,300.00",LOS1855PAVE,/prima-ankle-LOS1855PAVE.html
agjeans,Ex-Boyfriend Slim,SLOUCHY SLIM,"₹19,800.00",EMP187517YCWT,/mari-EMP187517YCWT.html
agjeans,Clove,RELAXED VINTAGE STRAIGHT,"₹23,300.00",RAS138915YCIG,/legging-ankle-RAS138915YCIG.html
agjeans,Alexxis Slim,VINTAGE SLIM,"₹19,800.00",EMP138915YMUL,/legging-ankle-EMP138915YMUL.html
agjeans,Clove,RELAXED VINTAGE STRAIGHT,"₹21,300.00",LCN1B32PERS,/farrah-ankle-seamless-LCN1B32PERS.html
agjeans,Alexxis,VINTAGE STRAIGHT,"₹21,300.00",DAS157516YHUD,/ex-boyfriend-slim-DAS157516YHUD.html
agjeans,Alexxis Slim,VINTAGE SLIM,"₹22,300.00",DSD1434WHT,/prima-DSD1434WHT.html
agjeans,Ezzra,TRUE BOYFRIEND,"₹21,800.00",EMP172922YYLL,/mila-EMP172922YYLL.html
agjeans,Ex-Boyfriend Slim,SLOUCHY SLIM,"₹24,300.00",EMP1389GTWN,/legging-ankle-EMP1389GTWN.html
agjeans,Deven,HIGH-RISE ULTRA WIDE LEG,"₹23,300.00",CWS143406YRSS,/prima-CWS143406YRSS.html
agjeans,Farrah Skinny,HIGH-RISE SKINNY,"₹19,800.00",EMP138922YYLL,/legging-ankle-EMP138922YYLL.html
agjeans,Prima Crop,CIGARETTE LEG,"₹22,300.00",EMP1729MOOCNP,/mila-EMP1729MOOCNP.html
agjeans,Saige,HIGH-RISE STRAIGHT,"₹21,300.00",EMP1389PAZA,/legging-ankle-EMP1389PAZA.html
agjeans,Alexxis Boot,VINTAGE BOOT,"₹22,300.00",EMP1729BBLL,/mila-EMP1729BBLL.html
agjeans,Legging Ankle,SUPER SKINNY ANKLE,"₹22,300.00",DSD157501YTWT,/ex-boyfriend-slim-DSD157501YTWT.html
agjeans,Mari Crop,HIGH-RISE SLIM STRAIGHT,"₹20,800.00",VBS1C14EHVECB,/clove-VBS1C14EHVECB.html
agjeans,Nikki Short,RELAXED SKINNY SHORT,"₹16,700.00",EMP187522YYLL,/mari-EMP187522YYLL.html
agjeans,Ex-Boyfriend Slim,SLOUCHY SLIM,"₹22,800.00",HSI138905YOXN,/legging-ankle-HSI138905YOXN.html
agjeans,Farrah Skinny Ankle,HIGH-RISE SKINNY,"₹22,300.00",RAS1777BT17YDAY,/farrah-ankle-RAS1777BT17YDAY.html
agjeans,Mari,HIGH-RISE SLIM STRAIGHT,"₹21,300.00",CWS1389NPAV,/legging-ankle-CWS1389NPAV.html
agjeans,Saige,HIGH-RISE STRAIGHT,"₹21,300.00",EMP137923YSWZ,/farrah-skinny-EMP137923YSWZ.html
agjeans,Ex-Boyfriend Slim,SLOUCHY SLIM,"₹22,300.00",RAS1777ATTC,/farrah-skinny-ankle-RAS1777ATTC.html
agjeans,Sloane Short,VINTAGE BOYFRIEND SHORT,"₹17,700.00",VBS197914YMEN,/alexxis-VBS197914YMEN.html
agjeans,Ezzra,TRUE BOYFRIEND,"₹22,300.00",RLS1389ANTC,/legging-ankle-RLS1389ANTC.html
agjeans,Farrah Skinny,HIGH-RISE SKINNY,"₹19,800.00",DSDB4540BBRD,/kendrix-jacket-DSDB4540BBRD.html
agjeans,Mari,CORDUROY HIGH-RISE SLIM STRAIGHT,"₹21,300.00",STS1662RHHLLY,/jodi-crop-STS1662RHHLLY.html
agjeans,Farrah Skinny Ankle,HIGH-RISE SKINNY,"₹22,300.00",HSI177705YOXN,/farrah-skinny-ankle-HSI177705YOXN.html
agjeans,Saige,HIGH-RISE STRAIGHT,"₹19,800.00",SGD4471RPBC,/mirah-jacket-SGD4471RPBC.html
agjeans,Mari,CORDUROY HIGH-RISE SLIM STRAIGHT,"₹19,800.00",EMP177722YYLL,/farrah-skinny-ankle-EMP177722YYLL.html
agjeans,Farrah Skinny,HIGH-RISE SKINNY,"₹19,800.00",HYI148902YPES,/hailey-roll-up-short-HYI148902YPES.html
agjeans,Haruko Skirt,VINTAGE A- LINE SKIRT,"₹19,600.00",HAS1B80CYSO,/renn-utility-HAS1B80CYSO.html
agjeans,Alexxis Slim,VINTAGE SLIM,"₹21,300.00",LED1604VN20YHOP,/nikki-short-LED1604VN20YHOP.html
agjeans,Alexxis Slim,VINTAGE SLIM,"₹21,300.00",AHD1389MTRO,/legging-ankle-AHD1389MTRO.html
agjeans,Ex-Boyfriend Slim,SLOUCHY SLIM,"₹22,300.00",DAS1575CUDRHM,/ex-boyfriend-slim-DAS1575CUDRHM.html
agjeans,Farrah Skinny Ankle,HIGH-RISE SKINNY,"₹22,300.00",DSDN1B95LFAW,/mari-DSDN1B95LFAW.html
agjeans,Alexxis,VINTAGE STRAIGHT,"₹24,300.00",DBD4179LMSBA,/mya-jacket-DBD4179LMSBA.html
agjeans,Ex-Boyfriend Slim,SLOUCHY SLIM,"₹19,800.00",PSI1379OPUB,/farrah-skinny-PSI1379OPUB.html
agjeans,Clove,RELAXED VINTAGE STRAIGHT,"₹23,300.00",STS1575HLLY,/ex-boyfriend-slim-STS1575HLLY.html
agjeans,Alexxis Slim,VINTAGE SLIM,"₹19,800.00",VBS1B7614YMEN,/alexxis-slim-VBS1B7614YMEN.html
agjeans,Clove,RELAXED VINTAGE STRAIGHT,"₹21,300.00",AHD1379MTRO,/farrah-skinny-AHD1379MTRO.html
agjeans,Alexxis,VINTAGE STRAIGHT,"₹21,300.00",RAS1389ATTC,/legging-ankle-RAS1389ATTC.html
agjeans,Alexxis Slim,VINTAGE SLIM,"₹22,300.00",RAS1389BT17YDAY,/legging-ankle-RAS1389BT17YDAY.html
agjeans,Ezzra,TRUE BOYFRIEND,"₹21,800.00",PSI1B33OPUB,/mari-extended-PSI1B33OPUB.html
agjeans,Ex-Boyfriend Slim,SLOUCHY SLIM,"₹24,300.00",EMP177715YMUL,/farrah-skinny-ankle-EMP177715YMUL.html
agjeans,Deven,HIGH-RISE ULTRA WIDE LEG,"₹23,300.00",LOS1389FXGV,/legging-ankle-LOS1389FXGV.html
agjeans,Farrah Skinny,HIGH-RISE SKINNY,"₹19,800.00",STS4512RDWY,/evonne-trucker-jacket-STS4512RDWY.html
agjeans,Prima Crop,CIGARETTE LEG,"₹22,300.00",VBS1979SANC,/alexxis-VBS1979SANC.html
agjeans,Saige,HIGH-RISE STRAIGHT,"₹21,300.00",EMP143405YGRS,/prima-EMP143405YGRS.html
agjeans,Alexxis Boot,VINTAGE BOOT,"₹22,300.00",HAS1B80SBA,/renn-utility-HAS1B80SBA.html
agjeans,Legging Ankle,SUPER SKINNY ANKLE,"₹22,300.00",HSI187505YOXN,/mari-HSI187505YOXN.html
agjeans,Mari Crop,HIGH-RISE SLIM STRAIGHT,"₹20,800.00",VBS1B11RH18YPOL,/alexxis-short-VBS1B11RH18YPOL.html
agjeans,Nikki Short,RELAXED SKINNY SHORT,"₹16,700.00",PSI1389OPUB,/legging-ankle-PSI1389OPUB.html
agjeans,Ex-Boyfriend Slim,SLOUCHY SLIM,"₹22,800.00",VBS1B7610YELL,/alexxis-slim-VBS1B7610YELL.html
agjeans,Farrah Skinny Ankle,HIGH-RISE SKINNY,"₹22,300.00",LCN1379PLLN,/farrah-skinny-LCN1379PLLN.html
agjeans,Mari,HIGH-RISE SLIM STRAIGHT,"₹21,300.00",EMP187515YMUL,/mari-EMP187515YMUL.html
agjeans,Saige,HIGH-RISE STRAIGHT,"₹21,300.00",EMP1A91BAVE,/darted-mari-EMP1A91BAVE.html
agjeans,Ex-Boyfriend Slim,SLOUCHY SLIM,"₹22,300.00",HSI143417YVUR,/prima-HSI143417YVUR.html
agjeans,Sloane Short,VINTAGE BOYFRIEND SHORT,"₹17,700.00",HYI157511YVLO,/ex-boyfriend-slim-HYI157511YVLO.html
agjeans,Ezzra,TRUE BOYFRIEND,"₹22,300.00",PSI138913YCET,/legging-ankle-PSI138913YCET.html
agjeans,Farrah Skinny,HIGH-RISE SKINNY,"₹19,800.00",SSW1B76LQDWLN,/alexxis-slim-SSW1B76LQDWLN.html
agjeans,Mari,CORDUROY HIGH-RISE SLIM STRAIGHT,"₹21,300.00",LBK1A9802YOUT,/knoxx-LBK1A9802YOUT.html
agjeans,Farrah Skinny Ankle,HIGH-RISE SKINNY,"₹22,300.00",LGN1B11EX24YALT,/alexxis-short-LGN1B11EX24YALT.html
agjeans,Saige,HIGH-RISE STRAIGHT,"₹19,800.00",EMP143422YYLL,/prima-EMP143422YYLL.html
agjeans,Mari,CORDUROY HIGH-RISE SLIM STRAIGHT,"₹19,800.00",SGD1B76HOSH,/alexxis-slim-SGD1B76HOSH.html
agjeans,Farrah Skinny,HIGH-RISE SKINNY,"₹19,800.00",HRD1B11SPTFMARD,/alexxis-short-HRD1B11SPTFMARD.html
agjeans,Haruko Skirt,VINTAGE A- LINE SKIRT,"₹19,600.00",GAU1C14EH18YPCH,/clove-GAU1C14EH18YPCH.html
agjeans,Alexxis Slim,VINTAGE SLIM,"₹21,300.00",VBS157518YPOL,/ex-boyfriend-slim-VBS157518YPOL.html
agjeans,Alexxis Slim,VINTAGE SLIM,"₹21,300.00",RAS1434ATTC,/prima-RAS1434ATTC.html
agjeans,Ex-Boyfriend Slim,SLOUCHY SLIM,"₹22,300.00",VBS1B75LL23YFCE,/alexxis-boot-VBS1B75LL23YFCE.html
agjeans,Farrah Skinny Ankle,HIGH-RISE SKINNY,"₹22,300.00",SGD1979LM21YWSS,/alexxis-SGD1979LM21YWSS.html
agjeans,Alexxis,VINTAGE STRAIGHT,"₹24,300.00",LED1714VNSRAM,/hailey-cut-off-short-LED1714VNSRAM.html
agjeans,Ex-Boyfriend Slim,SLOUCHY SLIM,"₹19,800.00",LCN1B32INSP,/farrah-ankle-seamless-LCN1B32INSP.html
agjeans,Clove,RELAXED VINTAGE STRAIGHT,"₹23,300.00",RLS1389BT27YCXT,/legging-ankle-RLS1389BT27YCXT.html
agjeans,Alexxis Slim,VINTAGE SLIM,"₹19,800.00",RAS177707YCOV,/farrah-skinny-ankle-RAS177707YCOV.html
agjeans,Clove,RELAXED VINTAGE STRAIGHT,"₹21,300.00",TVN1434BRNX,/prima-TVN1434BRNX.html
agjeans,Alexxis,VINTAGE STRAIGHT,"₹21,300.00",RAS1777STAF,/farrah-skinny-ankle-RAS1777STAF.html
agjeans,Alexxis Slim,VINTAGE SLIM,"₹22,300.00",EMP1855PAZA,/prima-ankle-EMP1855PAZA.html
agjeans,Ezzra,TRUE BOYFRIEND,"₹21,800.00",EMP177718YPDE,/farrah-skinny-ankle-EMP177718YPDE.html
agjeans,Ex-Boyfriend Slim,SLOUCHY SLIM,"₹24,300.00",EMP175318YPDE,/isabelle-EMP175318YPDE.html
agjeans,Deven,HIGH-RISE ULTRA WIDE LEG,"₹23,300.00",HZI1613RXBY,/caden-HZI1613RXBY.html
agjeans,Farrah Skinny,HIGH-RISE SKINNY,"₹19,800.00",STS1979RDWY,/alexxis-STS1979RDWY.html
agjeans,Prima Crop,CIGARETTE LEG,"₹22,300.00",SGD1B74SHRM,/alexxis-slim-SGD1B74SHRM.html
agjeans,Saige,HIGH-RISE STRAIGHT,"₹21,300.00",BKS1979SHAB,/alexxis-BKS1979SHAB.html
agjeans,Alexxis Boot,VINTAGE BOOT,"₹22,300.00",BKS1979CHAB,/alexxis-BKS1979CHAB.html
agjeans,Legging Ankle,SUPER SKINNY ANKLE,"₹22,300.00",VSL1B91SBA,/nova-jogger-short-VSL1B91SBA.html
agjeans,Mari Crop,HIGH-RISE SLIM STRAIGHT,"₹20,800.00",RAS143407YCOV,/prima-RAS143407YCOV.html
agjeans,Nikki Short,RELAXED SKINNY SHORT,"₹16,700.00",EMP137913YWEM,/farrah-skinny-EMP137913YWEM.html
agjeans,Ex-Boyfriend Slim,SLOUCHY SLIM,"₹22,800.00",NBD1B11SPAWDT,/alexxis-short-NBD1B11SPAWDT.html
agjeans,Farrah Skinny Ankle,HIGH-RISE SKINNY,"₹22,300.00",NBD1B11JTBWHE,/alexxis-short-NBD1B11JTBWHE.html
agjeans,Mari,HIGH-RISE SLIM STRAIGHT,"₹21,300.00",VBS4518HIGT,/darted-arkadia-jacket-VBS4518HIGT.html
agjeans,Saige,HIGH-RISE STRAIGHT,"₹21,300.00",EMP1875RMON,/mari-EMP1875RMON.html
agjeans,Ex-Boyfriend Slim,SLOUCHY SLIM,"₹22,300.00",SGD1B64RMRPBC,/deven-SGD1B64RMRPBC.html
agjeans,Sloane Short,VINTAGE BOYFRIEND SHORT,"₹17,700.00",EMP1A4819YSYW,/mari-crop-EMP1A4819YSYW.html
agjeans,Ezzra,TRUE BOYFRIEND,"₹22,300.00",SGD1A98CH08YFEV,/knoxx-SGD1A98CH08YFEV.html
agjeans,Farrah Skinny,HIGH-RISE SKINNY,"₹19,800.00",DSD1604FH01YTWT,/nikki-short-DSD1604FH01YTWT.html
agjeans,Mari,CORDUROY HIGH-RISE SLIM STRAIGHT,"₹21,300.00",EMP138916YCPD,/legging-ankle-EMP138916YCPD.html
agjeans,Farrah Skinny Ankle,HIGH-RISE SKINNY,"₹22,300.00",DSD1979RHEPLTST,/alexxis-DSD1979RHEPLTST.html
agjeans,Saige,HIGH-RISE STRAIGHT,"₹19,800.00",EMP1B33BBLL,/mari-extended-EMP1B33BBLL.html
agjeans,Mari,CORDUROY HIGH-RISE SLIM STRAIGHT,"₹19,800.00",SST195802YKYO,/phoebe-extended-SST195802YKYO.html
agjeans,Farrah Skinny,HIGH-RISE SKINNY,"₹19,800.00",EMP187518YPDE,/mari-EMP187518YPDE.html
agjeans,Haruko Skirt,VINTAGE A- LINE SKIRT,"₹19,600.00",EMP1729LH10YCLE,/mila-EMP1729LH10YCLE.html
agjeans,Alexxis Slim,VINTAGE SLIM,"₹21,300.00",VBS197910YELL,/alexxis-VBS197910YELL.html
agjeans,Alexxis Slim,VINTAGE SLIM,"₹21,300.00",NBD1979PWRNTMT,/alexxis-NBD1979PWRNTMT.html
agjeans,Ex-Boyfriend Slim,SLOUCHY SLIM,"₹22,300.00",STS1575RDWY,/ex-boyfriend-slim-STS1575RDWY.html
agjeans,Farrah Skinny Ankle,HIGH-RISE SKINNY,"₹22,300.00",EMP1777LH10YCLE,/farrah-skinny-ankle-EMP1777LH10YCLE.html
agjeans,Alexxis,VINTAGE STRAIGHT,"₹24,300.00",DSDB1B76BBRD,/alexxis-slim-DSDB1B76BBRD.html
agjeans,Ex-Boyfriend Slim,SLOUCHY SLIM,"₹19,800.00",VBS1B53ATHS,/renn-extended-VBS1B53ATHS.html
agjeans,Clove,RELAXED VINTAGE STRAIGHT,"₹23,300.00",EMP155726YBCS,/prima-crop-EMP155726YBCS.html
agjeans,Alexxis Slim,VINTAGE SLIM,"₹19,800.00",SGD4540HOSH,/kendrix-jacket-SGD4540HOSH.html
agjeans,Clove,RELAXED VINTAGE STRAIGHT,"₹21,300.00",LGN4529JSDC,/chelsea-jacket-LGN4529JSDC.html
agjeans,Alexxis,VINTAGE STRAIGHT,"₹21,300.00",DSDN4526EBCABM,/mirah-cropped-trucker-jacket-DSDN4526EBCABM.html
agjeans,Alexxis Slim,VINTAGE SLIM,"₹22,300.00",DSDN4471TYMAID,/mirah-cropped-trucker-jacket-DSDN4471TYMAID.html
agjeans,Ezzra,TRUE BOYFRIEND,"₹21,800.00",HAS4509CYSO,/mirah-fatigue-HAS4509CYSO.html
agjeans,Ex-Boyfriend Slim,SLOUCHY SLIM,"₹24,300.00",HAS6233SBA,/ryleigh-jumpsuit-HAS6233SBA.html
agjeans,Deven,HIGH-RISE ULTRA WIDE LEG,"₹23,300.00",EMP1434CSCR,/prima-EMP1434CSCR.html
agjeans,Farrah Skinny,HIGH-RISE SKINNY,"₹19,800.00",EMP1875TE10YBWY,/mari-EMP1875TE10YBWY.html
agjeans,Prima Crop,CIGARETTE LEG,"₹22,300.00",PSI143407YBNS,/prima-PSI143407YBNS.html
agjeans,Saige,HIGH-RISE STRAIGHT,"₹21,300.00",VBS179718YPOL,/rhett-VBS179718YPOL.html
agjeans,Alexxis Boot,VINTAGE BOOT,"₹22,300.00",NBD4471PWRNTMT,/mirah-jacket-NBD4471PWRNTMT.html
agjeans,Legging Ankle,SUPER SKINNY ANKLE,"₹22,300.00",RAS1B33MITO,/mari-extended-RAS1B33MITO.html
agjeans,Mari Crop,HIGH-RISE SLIM STRAIGHT,"₹20,800.00",VBS1979ATHS,/alexxis-VBS1979ATHS.html
agjeans,Nikki Short,RELAXED SKINNY SHORT,"₹16,700.00",CHD1979JTMETO,/alexxis-CHD1979JTMETO.html
agjeans,Ex-Boyfriend Slim,SLOUCHY SLIM,"₹22,800.00",LGN4545JSDC,/jemma-jacket-LGN4545JSDC.html
agjeans,Farrah Skinny Ankle,HIGH-RISE SKINNY,"₹22,300.00",DSDN1986RHTYMAID,/alexxis-crop-DSDN1986RHTYMAID.html
agjeans,Mari,HIGH-RISE SLIM STRAIGHT,"₹21,300.00",SSW1389RHSLRFGN,/legging-ankle-SSW1389RHSLRFGN.html
agjeans,Saige,HIGH-RISE STRAIGHT,"₹21,300.00",LGN1B52RHYALE,/kerah-short-LGN1B52RHYALE.html
agjeans,Ex-Boyfriend Slim,SLOUCHY SLIM,"₹22,300.00",LGN1979BREZ,/alexxis-LGN1979BREZ.html
agjeans,Sloane Short,VINTAGE BOYFRIEND SHORT,"₹17,700.00",RAS1662RHATTC,/jodi-crop-RAS1662RHATTC.html
agjeans,Ezzra,TRUE BOYFRIEND,"₹22,300.00",VBS1575BCATHS,/ex-boyfriend-slim-VBS1575BCATHS.html
agjeans,Farrah Skinny,HIGH-RISE SKINNY,"₹19,800.00",EMP4087BBLL,/robyn-jacket-EMP4087BBLL.html
agjeans,Mari,CORDUROY HIGH-RISE SLIM STRAIGHT,"₹21,300.00",SSW1389RHSLSHBW,/legging-ankle-SSW1389RHSLSHBW.html
agjeans,Farrah Skinny Ankle,HIGH-RISE SKINNY,"₹22,300.00",EMP1875CABA,/mari-EMP1875CABA.html
agjeans,Saige,HIGH-RISE STRAIGHT,"₹19,800.00",HRD1915RH23YCUL,/becke-short-HRD1915RH23YCUL.html
agjeans,Mari,CORDUROY HIGH-RISE SLIM STRAIGHT,"₹19,800.00",LGN197924YALT,/alexxis-LGN197924YALT.html
agjeans,Farrah Skinny,HIGH-RISE SKINNY,"₹19,800.00",NBD1B11PRHCOWBCH,/alexxis-short-NBD1B11PRHCOWBCH.html
agjeans,Haruko Skirt,VINTAGE A- LINE SKIRT,"₹19,600.00",VBS1C1518YHID,/alexxis-VBS1C1518YHID.html
agjeans,Alexxis Slim,VINTAGE SLIM,"₹21,300.00",VBS1753HYBD,/isabelle-VBS1753HYBD.html
agjeans,Alexxis Slim,VINTAGE SLIM,"₹21,300.00",DSDN1979MHVGPK,/alexxis-DSDN1979MHVGPK.html
agjeans,Ex-Boyfriend Slim,SLOUCHY SLIM,"₹22,300.00",NBD1B11JTBOSS,/alexxis-short-NBD1B11JTBOSS.html
agjeans,Farrah Skinny Ankle,HIGH-RISE SKINNY,"₹22,300.00",JRN1676BT13YPDG,/phoebe-JRN1676BT13YPDG.html
agjeans,Alexxis,VINTAGE STRAIGHT,"₹24,300.00",SGD1B53CHTN,/renn-extended-SGD1B53CHTN.html
agjeans,Ex-Boyfriend Slim,SLOUCHY SLIM,"₹19,800.00",HRD1714RH23YCUL,/hailey-cut-off-short-HRD1714RH23YCUL.html
agjeans,Clove,RELAXED VINTAGE STRAIGHT,"₹23,300.00",NBD1D18SHEUDN,/renn-short-NBD1D18SHEUDN.html
agjeans,Alexxis Slim,VINTAGE SLIM,"₹19,800.00",SSW1389RHSLMAID,/legging-ankle-SSW1389RHSLMAID.html
agjeans,Clove,RELAXED VINTAGE STRAIGHT,"₹21,300.00",HRD1B82DWTW,/paperbag-renn-HRD1B82DWTW.html
agjeans,Alexxis,VINTAGE STRAIGHT,"₹21,300.00",DBD1379IDTT,/farrah-skinny-DBD1379IDTT.html
agjeans,Alexxis Slim,VINTAGE SLIM,"₹22,300.00",EMP1777TE23YSWZ,/farrah-skinny-ankle-EMP1777TE23YSWZ.html
agjeans,Ezzra,TRUE BOYFRIEND,"₹21,800.00",SGD1A98HOSH,/knoxx-SGD1A98HOSH.html
agjeans,Ex-Boyfriend Slim,SLOUCHY SLIM,"₹24,300.00",VBS1B44RHBLLB,/darted-aven-short-VBS1B44RHBLLB.html
agjeans,Deven,HIGH-RISE ULTRA WIDE LEG,"₹23,300.00",LGN4471CLIC,/mirah-cropped-trucker-jacket-LGN4471CLIC.html
agjeans,Farrah Skinny,HIGH-RISE SKINNY,"₹19,800.00",HRD6233DWTW,/ryleigh-jumpsuit-HRD6233DWTW.html
agjeans,Prima Crop,CIGARETTE LEG,"₹22,300.00",TEK71088VICT,/finley-shirt-TEK71088VICT.html
agjeans,Saige,HIGH-RISE STRAIGHT,"₹21,300.00",SGD4179EBFMEB,/mya-jacket-SGD4179EBFMEB.html
agjeans,Alexxis Boot,VINTAGE BOOT,"₹22,300.00",EMP1434PAZA,/prima-EMP1434PAZA.html
agjeans,Legging Ankle,SUPER SKINNY ANKLE,"₹22,300.00",LCN1434PLLN,/prima-LCN1434PLLN.html
agjeans,Mari Crop,HIGH-RISE SLIM STRAIGHT,"₹20,800.00",SGD1D18SHSPST,/renn-short-SGD1D18SHSPST.html
agjeans,Nikki Short,RELAXED SKINNY SHORT,"₹16,700.00",VBS1B76SANC,/alexxis-slim-VBS1B76SANC.html
agjeans,Ex-Boyfriend Slim,SLOUCHY SLIM,"₹22,800.00",HRD1979BOST,/alexxis-HRD1979BOST.html
agjeans,Farrah Skinny Ankle,HIGH-RISE SKINNY,"₹22,300.00",PSI185513YCET,/prima-ankle-PSI185513YCET.html
agjeans,Mari,HIGH-RISE SLIM STRAIGHT,"₹21,300.00",DSD1714VN01YCIW,/hailey-cut-off-short-DSD1714VN01YCIW.html
agjeans,Saige,HIGH-RISE STRAIGHT,"₹21,300.00",DSD1B75VNAWHT,/alexxis-boot-DSD1B75VNAWHT.html
agjeans,Ex-Boyfriend Slim,SLOUCHY SLIM,"₹22,300.00",AHD1875MTRO,/mari-AHD1875MTRO.html
agjeans,Sloane Short,VINTAGE BOYFRIEND SHORT,"₹17,700.00",BKS1D19RHDIVN,/tomas-x-short-BKS1D19RHDIVN.html
agjeans,Ezzra,TRUE BOYFRIEND,"₹22,300.00",DSD1604VN01YCIW,/nikki-short-DSD1604VN01YCIW.html
agjeans,Farrah Skinny,HIGH-RISE SKINNY,"₹19,800.00",DSDB1B64RMMURU,/deven-DSDB1B64RMMURU.html
agjeans,Mari,CORDUROY HIGH-RISE SLIM STRAIGHT,"₹21,300.00",LGN1575JSDC,/ex-boyfriend-slim-LGN1575JSDC.html
agjeans,Farrah Skinny Ankle,HIGH-RISE SKINNY,"₹22,300.00",EMP1434BBLL,/prima-EMP1434BBLL.html
agjeans,Saige,HIGH-RISE STRAIGHT,"₹19,800.00",LED175320YLAM,/isabelle-LED175320YLAM.html
agjeans,Mari,CORDUROY HIGH-RISE SLIM STRAIGHT,"₹19,800.00",HRD1D17RHHDLR,/alexxis-HRD1D17RHHDLR.html
agjeans,Farrah Skinny,HIGH-RISE SKINNY,"₹19,800.00",VBS1B75RHSANC,/alexxis-boot-VBS1B75RHSANC.html
agjeans,Haruko Skirt,VINTAGE A- LINE SKIRT,"₹19,600.00",HRD1A98ATMO,/knoxx-HRD1A98ATMO.html
agjeans,Alexxis Slim,VINTAGE SLIM,"₹21,300.00",RLS4087DESI,/robyn-jacket-RLS4087DESI.html
agjeans,Alexxis Slim,VINTAGE SLIM,"₹21,300.00",LED157508YCUU,/ex-boyfriend-slim-LED157508YCUU.html
agjeans,Ex-Boyfriend Slim,SLOUCHY SLIM,"₹22,300.00",EMP1A4804YENC,/mari-crop-EMP1A4804YENC.html
agjeans,Farrah Skinny Ankle,HIGH-RISE SKINNY,"₹22,300.00",STS1753RDWY,/isabelle-STS1753RDWY.html
agjeans,Alexxis,VINTAGE STRAIGHT,"₹24,300.00",RAS1A48MITO,/mari-crop-RAS1A48MITO.html
agjeans,Ex-Boyfriend Slim,SLOUCHY SLIM,"₹19,800.00",AHD1875ZPHR,/mari-AHD1875ZPHR.html
agjeans,Clove,RELAXED VINTAGE STRAIGHT,"₹23,300.00",LGN1B64RMJSDC,/deven-LGN1B64RMJSDC.html
agjeans,Alexxis Slim,VINTAGE SLIM,"₹19,800.00",HSI143405YOXN,/prima-HSI143405YOXN.html
agjeans,Clove,RELAXED VINTAGE STRAIGHT,"₹21,300.00",EMP1875BBLL,/mari-EMP1875BBLL.html
agjeans,Alexxis,VINTAGE STRAIGHT,"₹21,300.00",RAS177710YALI,/farrah-skinny-ankle-RAS177710YALI.html
agjeans,Alexxis Slim,VINTAGE SLIM,"₹22,300.00",,
agjeans,Ezzra,TRUE BOYFRIEND,"₹21,800.00",,
agjeans,Ex-Boyfriend Slim,SLOUCHY SLIM,"₹24,300.00",,
agjeans,Deven,HIGH-RISE ULTRA WIDE LEG,"₹23,300.00",,
agjeans,Farrah Skinny,HIGH-RISE SKINNY,"₹19,800.00",,
agjeans,Prima Crop,CIGARETTE LEG,"₹22,300.00",,
agjeans,Saige,HIGH-RISE STRAIGHT,"₹21,300.00",,
agjeans,Alexxis Boot,VINTAGE BOOT,"₹22,300.00",,
agjeans,Legging Ankle,SUPER SKINNY ANKLE,"₹22,300.00",,
agjeans,Mari Crop,HIGH-RISE SLIM STRAIGHT,"₹20,800.00",,
agjeans,Nikki Short,RELAXED SKINNY SHORT,"₹16,700.00",,
agjeans,Ex-Boyfriend Slim,SLOUCHY SLIM,"₹22,800.00",,
agjeans,Farrah Skinny Ankle,HIGH-RISE SKINNY,"₹22,300.00",,
agjeans,Mari,HIGH-RISE SLIM STRAIGHT,"₹21,300.00",,
agjeans,Saige,HIGH-RISE STRAIGHT,"₹21,300.00",,
agjeans,Ex-Boyfriend Slim,SLOUCHY SLIM,"₹22,300.00",,
agjeans,Sloane Short,VINTAGE BOYFRIEND SHORT,"₹17,700.00",,
