Retailer,Title,Product,Price,Available,SKU,Website
agjeans,Farrah Skinny,HIGH-RISE SKINNY,"19,900.00","['23', '24', '25', '26', '27', '28', '29', '30', '31', '32']",EMP1379TWIL,https://www.agjeans.com/farrah-skinny-EMP1379TWIL.html
agjeans,Ezzra,TRUE BOYFRIEND,"22,400.00","['23', '24', '25', '26', '27', '28', '29', '30', '31', '32', '33']",VBS1C50BC18YPSO,https://www.agjeans.com/ezzra-VBS1C50BC18YPSO.html
agjeans,Mari,CORDUROY HIGH-RISE SLIM STRAIGHT,"21,400.00","['23', '24', '25', '26', '27', '28', '29', '30', '31', '32', '33']",HZC187501YSBL,https://www.agjeans.com/mari-HZC187501YSBL.html
agjeans,Saige,HIGH-RISE STRAIGHT,"19,900.00","['22', '23', '24', '25', '26', '27', '28', '29', '30', '31', '32', '33']",JRN1A99EAST,https://www.agjeans.com/saige-JRN1A99EAST.html
agjeans,Farrah Skinny Ankle,HIGH-RISE SKINNY,"22,400.00","['22', '23', '24', '25', '26', '27', '28', '29', '30', '31', '32', '33']",DBD1777LMGUNM,https://www.agjeans.com/farrah-skinny-ankle-DBD1777LMGUNM.html
agjeans,Ex-Boyfriend Slim,SLOUCHY SLIM,"19,900.00","['23', '24', '25', '26', '27', '28', '29', '30', '31', '32']",LED1575SBOX,https://www.agjeans.com/ex-boyfriend-slim-LED1575SBOX.html
agjeans,Mari,CORDUROY HIGH-RISE SLIM STRAIGHT,"19,900.00","['23', '24', '25', '26', '27', '28', '29', '30', '31', '32']",EMP1875TWIL,https://www.agjeans.com/mari-EMP1875TWIL.html
agjeans,Farrah Skinny,HIGH-RISE SKINNY,"19,900.00","['23', '24', '25', '26', '27', '28', '29', '30', '31', '32']",TVN1379MOIC,https://www.agjeans.com/farrah-skinny-TVN1379MOIC.html
agjeans,Alexxis Slim,VINTAGE SLIM,"21,400.00","['23', '24', '25', '26', '27', '28', '29', '30', '31', '32']",DSD1B7603YARG,https://www.agjeans.com/alexxis-slim-DSD1B7603YARG.html
agjeans,Prima Ankle,CIGARETTE ANKLE,"20,900.00","['22', '23', '24', '25', '26', '27', '28', '29', '30', '31', '32', '33']",RAS1855BTDSIR,https://www.agjeans.com/prima-ankle-RAS1855BTDSIR.html
agjeans,Haruko Skirt,VINTAGE A- LINE SKIRT,"19,700.00","['23', '24', '25', '26', '27', '28', '29', '30', '31', '32']",BKS5570VNDSON,https://www.agjeans.com/haruko-skirt-BKS5570VNDSON.html
agjeans,Mari,CORDUROY HIGH-RISE SLIM STRAIGHT,"22,400.00","['22', '23', '24', '25', '26', '27', '28', '29', '30', '31', '32']",PSI187515YPIK,https://www.agjeans.com/mari-PSI187515YPIK.html
agjeans,Alexxis,VINTAGE STRAIGHT,"19,900.00","['23', '24', '25', '26', '27', '28', '29', '30', '31', '32', '33']",JRN1979EAST,https://www.agjeans.com/alexxis-JRN1979EAST.html
agjeans,Alexxis,VINTAGE STRAIGHT,"23,400.00","['22', '23', '24', '25', '26', '27', '28', '29', '30', '31', '32']",SGD1979TR17YWKE,https://www.agjeans.com/alexxis-SGD1979TR17YWKE.html
agjeans,Clove,RELAXED VINTAGE STRAIGHT,"23,400.00","['23', '24', '25', '26', '27', '28', '29', '30', '31', '32', '33']",SGD1C14BC21YPFO,https://www.agjeans.com/clove-SGD1C14BC21YPFO.html
agjeans,Farrah Skinny Ankle,HIGH-RISE SKINNY,"22,400.00","['23', '24', '25', '26', '27', '28', '29', '30', '31', '32']",EMP1777TR16YLTH,https://www.agjeans.com/farrah-skinny-ankle-EMP1777TR16YLTH.html
agjeans,Ex-Boyfriend Slim,SLOUCHY SLIM,"22,400.00","['23', '24', '25', '26', '27', '28', '29', '30', '31', '32']",DAS157520YVOG,https://www.agjeans.com/ex-boyfriend-slim-DAS157520YVOG.html
agjeans,Alexxis Slim,VINTAGE SLIM,"21,400.00","['23', '24', '25', '26', '27', '28', '29', '30', '31', '32']",DSD1B7603YSBL,https://www.agjeans.com/alexxis-slim-DSD1B7603YSBL.html
agjeans,Alexxis,VINTAGE STRAIGHT,"24,400.00","['23', '24', '25', '26', '27', '28', '29', '30', '31', '32']",VBS1C65BC18YPSO,https://www.agjeans.com/alexxis-VBS1C65BC18YPSO.html
agjeans,Prima,CIGARETTE LEG,"19,900.00","['23', '24', '25', '26', '27', '28', '29', '30', '31', '32']",HSI1434EYLL,https://www.agjeans.com/prima-HSI1434EYLL.html
agjeans,Prima Ankle,CIGARETTE ANKLE,"19,900.00","['23', '24', '25', '26', '27', '28', '29', '30', '31', '32']",HSI1855EYLL,https://www.agjeans.com/prima-ankle-HSI1855EYLL.html
agjeans,Alexxis,VINTAGE STRAIGHT,"20,900.00","['23', '24', '25', '26', '27', '28', '29', '30', '31', '32']",JRN1979PARA,https://www.agjeans.com/alexxis-JRN1979PARA.html
agjeans,Prima,CIGARETTE LEG,"20,900.00","['23', '24', '25', '26', '27', '28', '29', '30', '31', '32']",RAS1434GRSH,https://www.agjeans.com/prima-RAS1434GRSH.html
agjeans,Kinsley,HIGH-RISE FLARED CROP,"19,900.00","['23', '24', '25', '26', '27', '28', '29', '30', '31', '32']",LED1C05SBOX,https://www.agjeans.com/kinsley-LED1C05SBOX.html
agjeans,Farrah Skinny,HIGH-RISE SKINNY,"19,900.00","['23', '24', '25', '26', '27', '28', '29', '30', '31', '32']",HSI1379EYLL,https://www.agjeans.com/farrah-skinny-HSI1379EYLL.html
agjeans,Alexxis Slim,VINTAGE SLIM,"19,900.00","['23', '24', '25', '26', '27', '28', '29', '30', '31', '32']",LED1B76SBOX,https://www.agjeans.com/alexxis-slim-LED1B76SBOX.html
agjeans,Clove,RELAXED VINTAGE STRAIGHT,"21,400.00","['23', '24', '25', '26', '27', '28', '29', '30', '31', '32']",BKS1C14BTDSON,https://www.agjeans.com/clove-BKS1C14BTDSON.html
agjeans,Alexxis,VINTAGE STRAIGHT,"21,400.00","['23', '24', '25', '26', '27', '28', '29', '30', '31', '32']",BKS1979BTDSON,https://www.agjeans.com/alexxis-BKS1979BTDSON.html
agjeans,Alexxis Slim,VINTAGE SLIM,"22,400.00","['23', '24', '25', '26', '27', '28', '29', '30', '31', '32']",VBS1B76BC18YPSO,https://www.agjeans.com/alexxis-slim-VBS1B76BC18YPSO.html
agjeans,Farrah Skinny,HIGH-RISE SKINNY,"19,900.00","['23', '24', '25', '26', '27', '28', '29', '30', '31', '32']",HSI1379FAVE,https://www.agjeans.com/farrah-skinny-HSI1379FAVE.html
agjeans,Ezzra,TRUE BOYFRIEND,"21,900.00","['23', '24', '25', '26', '27', '28', '29', '30', '31', '32']",BKS1C50BC28YCAW,https://www.agjeans.com/ezzra-BKS1C50BC28YCAW.html
agjeans,Deven,HIGH-RISE ULTRA WIDE LEG,"23,400.00","['23', '24', '25', '26', '27', '28', '29', '30', '31', '32']",SGD1B64RM17YWKE,https://www.agjeans.com/deven-SGD1B64RM17YWKE.html
agjeans,Ex-Boyfriend Slim,SLOUCHY SLIM,"24,400.00","['22', '23', '24', '25', '26', '27', '28', '29', '30', '31', '32']",LED1C66SWON,https://www.agjeans.com/ex-boyfriend-slim-LED1C66SWON.html
agjeans,Prima Crop,CIGARETTE LEG,"22,400.00","['23', '24', '25', '26', '27', '28', '29', '30', '31', '32']",PSI1557BT14YONG,https://www.agjeans.com/prima-crop-PSI1557BT14YONG.html
agjeans,Saige,HIGH-RISE STRAIGHT,"21,400.00","['23', '24', '25', '26', '27', '28', '29', '30', '31']",LED1A99BTMREY,https://www.agjeans.com/saige-LED1A99BTMREY.html
agjeans,Farrah Skinny,HIGH-RISE SKINNY,"19,900.00","['23', '24', '25', '26', '27', '28', '29', '30', '31', '32']",LED1B75VN17YWVW,https://www.agjeans.com/alexxis-boot-LED1B75VN17YWVW.html
agjeans,Ezzra,TRUE BOYFRIEND,"22,400.00","['23', '24', '25', '26', '27', '28', '29', '30', '31', '32', '33']",RAS1A48SUNT,https://www.agjeans.com/mari-crop-RAS1A48SUNT.html
agjeans,Mari,CORDUROY HIGH-RISE SLIM STRAIGHT,"21,400.00","['23', '24', '25', '26', '27', '28', '29', '30', '31', '32']",PSI1389BT14YONG,https://www.agjeans.com/legging-ankle-PSI1389BT14YONG.html
agjeans,Saige,HIGH-RISE STRAIGHT,"19,900.00","['23', '24', '25', '26', '27', '28', '29', '30', '31', '32']",PSI1777BT14YONG,https://www.agjeans.com/farrah-skinny-ankle-PSI1777BT14YONG.html
agjeans,Farrah Skinny Ankle,HIGH-RISE SKINNY,"22,400.00","['23', '24', '25', '27', '28', '30', '31', '32']",LED1604VNVYRD,https://www.agjeans.com/nikki-short-LED1604VNVYRD.html
agjeans,Ex-Boyfriend Slim,SLOUCHY SLIM,"19,900.00","['23', '24', '25', '26', '27', '28', '29', '30', '31', '32']",LED157517YWUT,https://www.agjeans.com/ex-boyfriend-slim-LED157517YWUT.html
agjeans,Mari,CORDUROY HIGH-RISE SLIM STRAIGHT,"19,900.00","['23', '24', '25', '26', '27', '28', '29', '30']",DSD1A99AWHT,https://www.agjeans.com/saige-DSD1A99AWHT.html
agjeans,Farrah Skinny,HIGH-RISE SKINNY,"19,900.00","['23', '24', '25', '26', '27', '28', '29', '30', '31', '32']",DSD1875SLROVE,https://www.agjeans.com/mari-DSD1875SLROVE.html
agjeans,Alexxis Slim,VINTAGE SLIM,"21,400.00","['23', '24', '25', '26', '27', '28', '29', '30', '31', '32']",HYI157511YSEK,https://www.agjeans.com/ex-boyfriend-slim-HYI157511YSEK.html
agjeans,Prima Ankle,CIGARETTE ANKLE,"20,900.00","['23', '24', '25', '26', '27', '28', '29', '30', '31', '32']",LGN1B87BOCH,https://www.agjeans.com/sloane-short-LGN1B87BOCH.html
agjeans,Haruko Skirt,VINTAGE A- LINE SKIRT,"19,700.00","['23', '24', '25', '26', '27', '28', '29', '30', '31', '32']",CWS1A48WY20YHDT,https://www.agjeans.com/mari-crop-CWS1A48WY20YHDT.html
agjeans,Mari,CORDUROY HIGH-RISE SLIM STRAIGHT,"22,400.00","['23', '24', '25', '26', '27', '28', '29', '30', '31', '32']",DSD1875SLBOBE,https://www.agjeans.com/mari-DSD1875SLBOBE.html
agjeans,Alexxis,VINTAGE STRAIGHT,"19,900.00","['23', '24', '25', '26', '27', '28', '29', '30', '31', '32']",CWS1777WY20YHDT,https://www.agjeans.com/farrah-skinny-ankle-CWS1777WY20YHDT.html
agjeans,Alexxis,VINTAGE STRAIGHT,"23,400.00","['23', '24', '25', '26', '27', '28', '29', '30', '31', '32']",LED1A9817YWVW,https://www.agjeans.com/knoxx-LED1A9817YWVW.html
agjeans,Clove,RELAXED VINTAGE STRAIGHT,"23,400.00","['23', '24', '25', '26', '27', '28', '29', '30', '31', '32']",EMP1379WY15YSSP,https://www.agjeans.com/farrah-EMP1379WY15YSSP.html
agjeans,Farrah Skinny Ankle,HIGH-RISE SKINNY,"22,400.00","['23', '24', '25', '26', '27', '28', '29', '30', '31', '32']",HRD1575BTEBSBFC,https://www.agjeans.com/ex-boyfriend-slim-HRD1575BTEBSBFC.html
agjeans,Ex-Boyfriend Slim,SLOUCHY SLIM,"22,400.00","['23', '24', '25', '26', '27', '28', '29', '30', '31', '32', '33']",LED1B76VYRD,https://www.agjeans.com/alexxis-slim-LED1B76VYRD.html
agjeans,Alexxis Slim,VINTAGE SLIM,"21,400.00","['23', '24', '25', '26', '27', '28', '29', '30', '31', '32']",LED1986VN17YWVW,https://www.agjeans.com/alexxis-crop-LED1986VN17YWVW.html
agjeans,Alexxis,VINTAGE STRAIGHT,"24,400.00","['23', '24', '25', '26', '27', '28', '29', '30', '31', '32']",VBS1C05VNSSOL,https://www.agjeans.com/kinsley-VBS1C05VNSSOL.html
agjeans,Prima,CIGARETTE LEG,"19,900.00","['23', '24', '25', '26', '27', '28', '29', '30', '31', '32', '33']",VBS1B75VNSSOL,https://www.agjeans.com/alexxis-boot-VBS1B75VNSSOL.html
agjeans,Prima Ankle,CIGARETTE ANKLE,"19,900.00","['23', '24', '25', '26', '27', '28', '29', '30', '31', '32']",NBD1A98AWDT,https://www.agjeans.com/knoxx-NBD1A98AWDT.html
agjeans,Alexxis,VINTAGE STRAIGHT,"20,900.00","['23', '24', '25', '26', '27', '28', '29', '30', '31', '32', '33']",LED1714VN17YWVW,https://www.agjeans.com/hailey-cut-off-short-LED1714VN17YWVW.html
agjeans,Prima,CIGARETTE LEG,"20,900.00","['23', '24', '25', '26', '27', '28', '29', '30', '31', '32']",LED1B7623YUTO,https://www.agjeans.com/alexxis-slim-LED1B7623YUTO.html
agjeans,Kinsley,HIGH-RISE FLARED CROP,"19,900.00","['23', '24', '25', '26', '27', '28', '29', '30', '31', '32', '33']",VBS1979CVSSOL,https://www.agjeans.com/alexxis-VBS1979CVSSOL.html
agjeans,Farrah Skinny,HIGH-RISE SKINNY,"19,900.00","['23', '24', '25', '26', '27', '28', '29', '30', '31', '32']",SGD1C05WY21YCBY,https://www.agjeans.com/kinsley-SGD1C05WY21YCBY.html
agjeans,Alexxis Slim,VINTAGE SLIM,"19,900.00",['23'],DAS15752TCATR,https://www.agjeans.com/ex-boyfriend-slim-DAS15752TCATR.html
agjeans,Clove,RELAXED VINTAGE STRAIGHT,"21,400.00","['23', '24', '25', '26', '27', '28', '29', '30', '31', '32', '33']",LED157510YALI,https://www.agjeans.com/ex-boyfriend-slim-LED157510YALI.html
agjeans,Alexxis,VINTAGE STRAIGHT,"21,400.00","['23', '24', '25', '26', '27', '28', '29', '30', '31', '32']",PSI1875OPUB,https://www.agjeans.com/mari-PSI1875OPUB.html
agjeans,Alexxis Slim,VINTAGE SLIM,"22,400.00","['23', '24', '25', '26', '27', '28', '29', '30', '31', '32']",EMP1875PAZA,https://www.agjeans.com/mari-EMP1875PAZA.html
agjeans,Farrah Skinny,HIGH-RISE SKINNY,"19,900.00","['23', '24', '25', '26', '27', '28', '29', '30', '31', '32']",RAS137910YALI,https://www.agjeans.com/farrah-skinny-RAS137910YALI.html
agjeans,Ezzra,TRUE BOYFRIEND,"21,900.00","['23', '24', '25', '26', '27', '28']",STS1575BLKC,https://www.agjeans.com/ex-boyfriend-slim-STS1575BLKC.html
agjeans,Deven,HIGH-RISE ULTRA WIDE LEG,"23,400.00","['24', '25', '26', '27', '28', '29', '30', '31', '32', '33']",DSD1855WHT,https://www.agjeans.com/prima-ankle-DSD1855WHT.html
agjeans,Ex-Boyfriend Slim,SLOUCHY SLIM,"24,400.00","['23', '24', '25', '26', '27', '28', '29', '30', '31', '32', '33']",DBD1777RH01YMBD,https://www.agjeans.com/farrah-skinny-ankle-DBD1777RH01YMBD.html
agjeans,Prima Crop,CIGARETTE LEG,"22,400.00","['23', '26', '27', '28', '29', '30', '31', '32']",VBS157510YELL,https://www.agjeans.com/ex-boyfriend-slim-VBS157510YELL.html
agjeans,Saige,HIGH-RISE STRAIGHT,"21,400.00","['23', '24', '25', '26', '27', '29', '30', '31', '32']",PSI1777OPUB,https://www.agjeans.com/farrah-skinny-ankle-PSI1777OPUB.html
agjeans,Farrah Skinny,HIGH-RISE SKINNY,"19,900.00","['23', '24', '25', '26', '27', '28', '29', '30', '31', '32']",RAS143410YALI,https://www.agjeans.com/prima-RAS143410YALI.html
agjeans,Ezzra,TRUE BOYFRIEND,"22,400.00","['23', '24', '25', '26', '27', '28', '29', '30', '31']",PSI1434OPUB,https://www.agjeans.com/prima-PSI1434OPUB.html
agjeans,Mari,CORDUROY HIGH-RISE SLIM STRAIGHT,"21,400.00","['23', '24', '25', '26', '27', '28', '29', '30', '31', '32']",PSI1729OPUB,https://www.agjeans.com/mila-PSI1729OPUB.html
agjeans,Saige,HIGH-RISE STRAIGHT,"19,900.00","['23', '24', '25', '26', '27', '28', '29', '30', '31', '32']",CWS1434NPAV,https://www.agjeans.com/prima-CWS1434NPAV.html
agjeans,Farrah Skinny Ankle,HIGH-RISE SKINNY,"22,400.00","['23', '24', '25', '26', '27', '28', '29', '30', '31', '32']",EMP1389PAZA,https://www.agjeans.com/legging-ankle-EMP1389PAZA.html
agjeans,Ex-Boyfriend Slim,SLOUCHY SLIM,"19,900.00","['23', '24', '25', '26', '27', '28', '29', '30', '31', '32']",RAS187515YSHL,https://www.agjeans.com/mari-RAS187515YSHL.html
agjeans,Mari,CORDUROY HIGH-RISE SLIM STRAIGHT,"19,900.00","['23', '24', '25', '26', '27', '28', '29', '30', '31', '32']",RAS1875ATTC,https://www.agjeans.com/mari-RAS1875ATTC.html
agjeans,Farrah Skinny,HIGH-RISE SKINNY,"19,900.00","['23', '24', '25', '26', '27', '28', '29', '30', '31', '32']",CWS1875NPAV,https://www.agjeans.com/mari-CWS1875NPAV.html
agjeans,Alexxis Slim,VINTAGE SLIM,"21,400.00","['23', '24', '25', '26', '27', '28', '29', '30', '31', '32']",CWS1777NPAV,https://www.agjeans.com/farrah-skinny-ankle-CWS1777NPAV.html
agjeans,Prima Ankle,CIGARETTE ANKLE,"20,900.00","['23', '24', '25', '26', '27', '28', '29', '30', '31', '32']",HSI177717YVUR,https://www.agjeans.com/farrah-skinny-ankle-HSI177717YVUR.html
agjeans,Haruko Skirt,VINTAGE A- LINE SKIRT,"19,700.00","['23', '24', '25', '26', '27', '28', '29', '30', '31', '32']",HSI138917YVUR,https://www.agjeans.com/legging-ankle-HSI138917YVUR.html
agjeans,Mari,CORDUROY HIGH-RISE SLIM STRAIGHT,"22,400.00","['23', '24', '25', '26', '27', '28', '29', '30', '31', '32']",EMP177712YCHK,https://www.agjeans.com/farrah-skinny-ankle-EMP177712YCHK.html
agjeans,Alexxis,VINTAGE STRAIGHT,"19,900.00","['23', '24', '25', '26', '27', '28', '29', '30', '31', '32']",DSD187501YTWT,https://www.agjeans.com/mari-DSD187501YTWT.html
agjeans,Alexxis,VINTAGE STRAIGHT,"23,400.00","['23', '24', '25', '26', '27', '28', '29', '30', '31', '32']",DSD1434WHT,https://www.agjeans.com/prima-DSD1434WHT.html
agjeans,Clove,RELAXED VINTAGE STRAIGHT,"23,400.00","['23', '24', '25', '26', '27', '28', '29', '30', '31', '32']",RAS138910YALI,https://www.agjeans.com/legging-ankle-RAS138910YALI.html
agjeans,Farrah Skinny Ankle,HIGH-RISE SKINNY,"22,400.00","['24', '27', '28', '29', '30', '31', '32']",RAS1434CIEL,https://www.agjeans.com/prima-RAS1434CIEL.html
agjeans,Ex-Boyfriend Slim,SLOUCHY SLIM,"22,400.00","['23', '24', '25', '26', '27', '28', '29', '30', '31', '32']",EMP137923YSWZ,https://www.agjeans.com/farrah-skinny-EMP137923YSWZ.html
agjeans,Alexxis Slim,VINTAGE SLIM,"21,400.00","['23', '24', '25', '26', '27', '28', '29', '30', '31', '32']",EMP138915YMUL,https://www.agjeans.com/legging-ankle-EMP138915YMUL.html
agjeans,Alexxis,VINTAGE STRAIGHT,"24,400.00","['23', '24', '25', '26', '27', '28', '29', '30', '31', '32']",EMP1389GTWN,https://www.agjeans.com/legging-ankle-EMP1389GTWN.html
agjeans,Prima,CIGARETTE LEG,"19,900.00","['23', '24', '26', '27', '28', '29', '30', '31', '32']",RAS1855BT17YDAY,https://www.agjeans.com/prima-ankle-RAS1855BT17YDAY.html
agjeans,Prima Ankle,CIGARETTE ANKLE,"19,900.00","['23', '27', '28', '29', '30', '31', '32']",LED1B76ARWY,https://www.agjeans.com/alexxis-slim-LED1B76ARWY.html
agjeans,Alexxis,VINTAGE STRAIGHT,"20,900.00","['23', '24', '25', '26', '27', '28', '29', '30', '31', '32']",RAS138915YCIG,https://www.agjeans.com/legging-ankle-RAS138915YCIG.html
agjeans,Prima,CIGARETTE LEG,"20,900.00","['23', '24', '25', '26', '27', '28', '29', '30', '31', '32']",RAS1777BTFILL,https://www.agjeans.com/farrah-ankle-RAS1777BTFILL.html
agjeans,Kinsley,HIGH-RISE FLARED CROP,"19,900.00","['23', '24', '25', '26', '27', '28', '29', '30', '31', '32']",EMP1729MOOCNP,https://www.agjeans.com/mila-EMP1729MOOCNP.html
agjeans,Farrah Skinny,HIGH-RISE SKINNY,"19,900.00","['23', '24', '25', '27', '29', '31']",LOS1855PAVE,https://www.agjeans.com/prima-ankle-LOS1855PAVE.html
agjeans,Alexxis Slim,VINTAGE SLIM,"19,900.00","['23', '24', '25', '26', '28', '29', '30', '31', '32']",VBS157514YMEN,https://www.agjeans.com/ex-boyfriend-slim-VBS157514YMEN.html
agjeans,Clove,RELAXED VINTAGE STRAIGHT,"21,400.00","['23', '24', '25', '26', '29', '30']",HYD1875DYDT,https://www.agjeans.com/mari-HYD1875DYDT.html
agjeans,Alexxis,VINTAGE STRAIGHT,"21,400.00","['23', '24', '25', '26', '27', '28', '29', '30', '31', '32']",EMP172922YYLL,https://www.agjeans.com/mila-EMP172922YYLL.html
agjeans,Alexxis Slim,VINTAGE SLIM,"22,400.00","['23', '24', '25', '26', '27', '28', '29', '30', '31', '32']",DAS157516YHUD,https://www.agjeans.com/ex-boyfriend-slim-DAS157516YHUD.html
agjeans,Farrah Skinny,HIGH-RISE SKINNY,"19,900.00","['23', '24', '25', '26', '27', '28', '29', '30', '31', '32']",VBS1C14EHVECB,https://www.agjeans.com/clove-VBS1C14EHVECB.html
agjeans,Ezzra,TRUE BOYFRIEND,"21,900.00","['23', '24', '25', '26', '27', '28', '29', '30', '31', '32']",DSD157501YTWT,https://www.agjeans.com/ex-boyfriend-slim-DSD157501YTWT.html
agjeans,Deven,HIGH-RISE ULTRA WIDE LEG,"23,400.00","['23', '24', '27', '29']",HYD1875WTCM,https://www.agjeans.com/mari-HYD1875WTCM.html
agjeans,Ex-Boyfriend Slim,SLOUCHY SLIM,"24,400.00","['23', '24', '25', '26', '27', '28', '29', '30', '31', '32']",RAS1777ATTC,https://www.agjeans.com/farrah-skinny-ankle-RAS1777ATTC.html
agjeans,Prima Crop,CIGARETTE LEG,"22,400.00","['25', '26', '27', '28', '29', '30', '31', '32']",EMP138922YYLL,https://www.agjeans.com/legging-ankle-EMP138922YYLL.html
agjeans,Saige,HIGH-RISE STRAIGHT,"21,400.00","['23', '27', '28', '30']",LCN1B32PERS,https://www.agjeans.com/farrah-ankle-seamless-LCN1B32PERS.html
agjeans,Farrah Skinny,HIGH-RISE SKINNY,"19,900.00","['23', '24', '25', '26', '27', '28', '29', '30', '31', '32']",RAS1777BT17YDAY,https://www.agjeans.com/farrah-ankle-RAS1777BT17YDAY.html
agjeans,Ezzra,TRUE BOYFRIEND,"22,400.00","['XS', 'S', 'M', 'L']",DSDB4540BBRD,https://www.agjeans.com/kendrix-jacket-DSDB4540BBRD.html
agjeans,Mari,CORDUROY HIGH-RISE SLIM STRAIGHT,"21,400.00","['23', '24', '25', '26', '27', '28', '29', '30', '31', '32']",HSI138905YOXN,https://www.agjeans.com/legging-ankle-HSI138905YOXN.html
agjeans,Saige,HIGH-RISE STRAIGHT,"19,900.00","['23', '25', '26', '27', '28', '29', '30', '31', '32']",EMP1729BBLL,https://www.agjeans.com/mila-EMP1729BBLL.html
agjeans,Farrah Skinny Ankle,HIGH-RISE SKINNY,"22,400.00","['23', '24', '25', '26', '27', '30', '31', '32']",EMP187522YYLL,https://www.agjeans.com/mari-EMP187522YYLL.html
agjeans,Ex-Boyfriend Slim,SLOUCHY SLIM,"19,900.00","['23', '26', '27', '28', '29', '31', '32']",EMP187517YCWT,https://www.agjeans.com/mari-EMP187517YCWT.html
agjeans,Mari,CORDUROY HIGH-RISE SLIM STRAIGHT,"19,900.00","['23', '24', '25', '27', '28', '29', '30', '31', '32']",CWS143406YRSS,https://www.agjeans.com/prima-CWS143406YRSS.html
agjeans,Farrah Skinny,HIGH-RISE SKINNY,"19,900.00","['23', '24', '26', '27']",EMP187526YBCS,https://www.agjeans.com/mari-EMP187526YBCS.html
agjeans,Alexxis Slim,VINTAGE SLIM,"21,400.00","['23', '24', '25', '26', '27', '28', '29', '30', '31', '32']",AHD1379MTRO,https://www.agjeans.com/farrah-skinny-AHD1379MTRO.html
agjeans,Prima Ankle,CIGARETTE ANKLE,"20,900.00","['23', '24', '25', '26', '27', '28']",HSI177705YOXN,https://www.agjeans.com/farrah-skinny-ankle-HSI177705YOXN.html
agjeans,Haruko Skirt,VINTAGE A- LINE SKIRT,"19,700.00","['XS', 'S', 'M', 'L', 'XL']",DBD4179LMSBA,https://www.agjeans.com/mya-jacket-DBD4179LMSBA.html
agjeans,Mari,CORDUROY HIGH-RISE SLIM STRAIGHT,"22,400.00","['23', '24', '25', '26', '27', '28', '29', '30', '31']",VBS197914YMEN,https://www.agjeans.com/alexxis-VBS197914YMEN.html
agjeans,Alexxis,VINTAGE STRAIGHT,"19,900.00","['23', '24', '25', '26', '27', '28', '29', '30', '31', '32', '33']",VBS1B7614YMEN,https://www.agjeans.com/alexxis-slim-VBS1B7614YMEN.html
agjeans,Alexxis,VINTAGE STRAIGHT,"23,400.00","['23', '24', '25', '26', '27', '29', '31', '32']",PSI1379OPUB,https://www.agjeans.com/farrah-skinny-PSI1379OPUB.html
agjeans,Clove,RELAXED VINTAGE STRAIGHT,"23,400.00","['23', '24', '25', '26', '27', '28', '29', '30', '31', '32']",STS1662RHHLLY,https://www.agjeans.com/jodi-crop-STS1662RHHLLY.html
agjeans,Farrah Skinny Ankle,HIGH-RISE SKINNY,"22,400.00","['23', '24', '25', '26', '27', '28', '29', '30', '31', '32']",CWS1389NPAV,https://www.agjeans.com/legging-ankle-CWS1389NPAV.html
agjeans,Ex-Boyfriend Slim,SLOUCHY SLIM,"22,400.00","['23', '24', '25', '26', '27', '28', '29', '30', '31', '32']",EMP137913YWEM,https://www.agjeans.com/farrah-skinny-EMP137913YWEM.html
agjeans,Alexxis Slim,VINTAGE SLIM,"21,400.00","['S', 'M']",EMP4087CDWT,https://www.agjeans.com/robyn-jacket-EMP4087CDWT.html
agjeans,Alexxis,VINTAGE STRAIGHT,"24,400.00","['23', '26', '27', '28', '29', '30', '31', '32']",DAS1575CUDRHM,https://www.agjeans.com/ex-boyfriend-slim-DAS1575CUDRHM.html
agjeans,Prima,CIGARETTE LEG,"19,900.00","['23', '24', '25', '26', '27', '28', '29', '30', '31', '32']",EMP177722YYLL,https://www.agjeans.com/farrah-skinny-ankle-EMP177722YYLL.html
agjeans,Prima Ankle,CIGARETTE ANKLE,"19,900.00","['23', '24', '25', '26', '27', '28', '29', '30', '31', '32']",AHD1389MTRO,https://www.agjeans.com/legging-ankle-AHD1389MTRO.html
agjeans,Alexxis,VINTAGE STRAIGHT,"20,900.00","['23', '24', '25', '26', '28', '29', '30', '31', '32']",PSI1B33OPUB,https://www.agjeans.com/mari-extended-PSI1B33OPUB.html
agjeans,Prima,CIGARETTE LEG,"20,900.00","['S', 'M', 'L', 'XL']",SGD4471RPBC,https://www.agjeans.com/mirah-jacket-SGD4471RPBC.html
agjeans,Kinsley,HIGH-RISE FLARED CROP,"19,900.00","['23', '24', '26', '29', '30', '31', '32']",EMP177715YMUL,https://www.agjeans.com/farrah-skinny-ankle-EMP177715YMUL.html
agjeans,Farrah Skinny,HIGH-RISE SKINNY,"19,900.00","['23', '24', '25', '26', '27', '28', '29', '30', '31', '32']",RLS1389ANTC,https://www.agjeans.com/legging-ankle-RLS1389ANTC.html
agjeans,Alexxis Slim,VINTAGE SLIM,"19,900.00","['23', '24', '25', '26', '27', '28', '29', '30', '31', '32']",VBS1B7610YELL,https://www.agjeans.com/alexxis-slim-VBS1B7610YELL.html
agjeans,Clove,RELAXED VINTAGE STRAIGHT,"21,400.00","['23', '24', '25', '26', '27', '28', '29', '30', '31', '32']",RAS1389ATTC,https://www.agjeans.com/legging-ankle-RAS1389ATTC.html
agjeans,Alexxis,VINTAGE STRAIGHT,"21,400.00","['23', '24', '25', '26', '27', '28', '29', '30', '31', '32']",STS1575HLLY,https://www.agjeans.com/ex-boyfriend-slim-STS1575HLLY.html
agjeans,Alexxis Slim,VINTAGE SLIM,"22,400.00","['24', '25', '26', '27', '28', '29', '30', '31', '32']",EMP187515YMUL,https://www.agjeans.com/mari-EMP187515YMUL.html
agjeans,Farrah Skinny,HIGH-RISE SKINNY,"19,900.00","['XS', 'S', 'M', 'L']",STS4512RDWY,https://www.agjeans.com/evonne-trucker-jacket-STS4512RDWY.html
agjeans,Ezzra,TRUE BOYFRIEND,"21,900.00","['23', '24', '25', '26', '27', '28', '29', '30', '31', '32']",RAS1389BT17YDAY,https://www.agjeans.com/legging-ankle-RAS1389BT17YDAY.html
agjeans,Deven,HIGH-RISE ULTRA WIDE LEG,"23,400.00","['23', '24', '25', '26', '29', '30', '31', '32']",RAS1777STAF,https://www.agjeans.com/farrah-skinny-ankle-RAS1777STAF.html
agjeans,Ex-Boyfriend Slim,SLOUCHY SLIM,"24,400.00","['25', '28', '29', '30', '31', '32']",DSDN1B95LFAW,https://www.agjeans.com/mari-DSDN1B95LFAW.html
agjeans,Prima Crop,CIGARETTE LEG,"22,400.00","['22', '23', '24', '25', '26', '27', '31', '32']",PSI1389OPUB,https://www.agjeans.com/legging-ankle-PSI1389OPUB.html
agjeans,Saige,HIGH-RISE STRAIGHT,"21,400.00","['24', '26', '27', '28', '29', '30', '31']",GAU1C14EH18YPCH,https://www.agjeans.com/clove-GAU1C14EH18YPCH.html
agjeans,Farrah Skinny,HIGH-RISE SKINNY,"19,900.00","['23', '24', '25', '26', '27', '28', '29', '30', '31', '32']",VBS1979SANC,https://www.agjeans.com/alexxis-VBS1979SANC.html
agjeans,Ezzra,TRUE BOYFRIEND,"22,400.00","['27', '28', '29']",HSI143417YVUR,https://www.agjeans.com/prima-HSI143417YVUR.html
agjeans,Mari,CORDUROY HIGH-RISE SLIM STRAIGHT,"21,400.00","['23', '24', '25', '26', '27', '28', '29', '30', '31', '32']",VBS1B11RH18YPOL,https://www.agjeans.com/alexxis-short-VBS1B11RH18YPOL.html
agjeans,Saige,HIGH-RISE STRAIGHT,"19,900.00","['23', '24', '25', '26', '27', '28', '29', '30', '31', '32', '33']",HAS1B80CYSO,https://www.agjeans.com/renn-utility-HAS1B80CYSO.html
agjeans,Farrah Skinny Ankle,HIGH-RISE SKINNY,"22,400.00","['23', '24', '25', '26', '27', '28', '29', '30', '31', '32']",LBK1A9802YOUT,https://www.agjeans.com/knoxx-LBK1A9802YOUT.html
agjeans,Ex-Boyfriend Slim,SLOUCHY SLIM,"19,900.00","['23', '24', '25', '26', '27', '28', '29', '30', '31', '32']",SSW1B76LQDWLN,https://www.agjeans.com/alexxis-slim-SSW1B76LQDWLN.html
agjeans,Mari,CORDUROY HIGH-RISE SLIM STRAIGHT,"19,900.00","['23', '24', '25', '26', '27', '28', '29', '30', '31', '32']",EMP1A91BAVE,https://www.agjeans.com/darted-mari-EMP1A91BAVE.html
agjeans,Farrah Skinny,HIGH-RISE SKINNY,"19,900.00","['23', '24', '25', '26', '27', '28', '29', '30', '31', '32']",VBS1B75LL23YFCE,https://www.agjeans.com/alexxis-boot-VBS1B75LL23YFCE.html
agjeans,Alexxis Slim,VINTAGE SLIM,"21,400.00","['24', '32']",HSI187505YOXN,https://www.agjeans.com/mari-HSI187505YOXN.html
agjeans,Prima Ankle,CIGARETTE ANKLE,"20,900.00","['23', '24', '25', '26', '27', '28', '29', '30', '31', '32']",HAS1B80SBA,https://www.agjeans.com/renn-utility-HAS1B80SBA.html
agjeans,Haruko Skirt,VINTAGE A- LINE SKIRT,"19,700.00","['23', '24', '26', '27', '28', '31', '32']",LCN1B32INSP,https://www.agjeans.com/farrah-ankle-seamless-LCN1B32INSP.html
agjeans,Mari,CORDUROY HIGH-RISE SLIM STRAIGHT,"22,400.00","['23', '24', '25', '26', '27', '28', '29', '30', '31', '32']",PSI138913YCET,https://www.agjeans.com/legging-ankle-PSI138913YCET.html
agjeans,Alexxis,VINTAGE STRAIGHT,"19,900.00","['23', '24', '25', '26', '27', '28', '29', '30', '31', '32']",LOS1389FXGV,https://www.agjeans.com/legging-ankle-LOS1389FXGV.html
agjeans,Alexxis,VINTAGE STRAIGHT,"23,400.00","['23', '24', '25', '26', '27', '28', '29', '30', '31', '32']",HRD1B11SPTFMARD,https://www.agjeans.com/alexxis-short-HRD1B11SPTFMARD.html
agjeans,Clove,RELAXED VINTAGE STRAIGHT,"23,400.00","['24', '27', '28', '29', '30', '31', '32']",RAS1434ATTC,https://www.agjeans.com/prima-RAS1434ATTC.html
agjeans,Farrah Skinny Ankle,HIGH-RISE SKINNY,"22,400.00","['23', '24', '25', '26', '28', '30', '31', '32']",LCN1379PLLN,https://www.agjeans.com/farrah-skinny-LCN1379PLLN.html
agjeans,Ex-Boyfriend Slim,SLOUCHY SLIM,"22,400.00","['28', '30', '31']",EMP143405YGRS,https://www.agjeans.com/prima-EMP143405YGRS.html
agjeans,Alexxis Slim,VINTAGE SLIM,"21,400.00","['23', '24', '25', '26', '27', '28', '29', '30', '31', '32']",EMP177718YPDE,https://www.agjeans.com/farrah-skinny-ankle-EMP177718YPDE.html
agjeans,Alexxis,VINTAGE STRAIGHT,"24,400.00","['23', '24', '25', '26', '27', '28']",SST195802YKYO,https://www.agjeans.com/phoebe-extended-SST195802YKYO.html
agjeans,Prima,CIGARETTE LEG,"19,900.00","['23', '24', '25', '27', '28', '29', '30', '31', '32']",SGD1B76HOSH,https://www.agjeans.com/alexxis-slim-SGD1B76HOSH.html
agjeans,Prima Ankle,CIGARETTE ANKLE,"19,900.00","['23', '24', '25', '26', '27', '28', '29', '30', '31', '32']",RLS1389BT27YCXT,https://www.agjeans.com/legging-ankle-RLS1389BT27YCXT.html
agjeans,Alexxis,VINTAGE STRAIGHT,"20,900.00","['27', '28', '29', '30', '31', '32']",EMP143422YYLL,https://www.agjeans.com/prima-EMP143422YYLL.html
agjeans,Prima,CIGARETTE LEG,"20,900.00","['23', '24', '30', '31']",HYI148902YPES,https://www.agjeans.com/hailey-roll-up-short-HYI148902YPES.html
agjeans,Kinsley,HIGH-RISE FLARED CROP,"19,900.00","['23', '24', '26', '27', '28', '29', '30', '31', '32']",LGN1B11EX24YALT,https://www.agjeans.com/alexxis-short-LGN1B11EX24YALT.html
agjeans,Farrah Skinny,HIGH-RISE SKINNY,"19,900.00","['23', '24', '25', '26', '27', '28', '29', '30', '31', '32']",STS1979RDWY,https://www.agjeans.com/alexxis-STS1979RDWY.html
agjeans,Alexxis Slim,VINTAGE SLIM,"19,900.00","['24', '25', '26', '27', '28', '30', '31', '32']",VBS157518YPOL,https://www.agjeans.com/ex-boyfriend-slim-VBS157518YPOL.html
agjeans,Clove,RELAXED VINTAGE STRAIGHT,"21,400.00","['23', '25', '26', '27', '28', '29', '30', '31', '32']",EMP175318YPDE,https://www.agjeans.com/isabelle-EMP175318YPDE.html
agjeans,Alexxis,VINTAGE STRAIGHT,"21,400.00","['23', '24', '25', '26', '27', '28', '29', '30', '31', '32', '33']",SGD1B74SHRM,https://www.agjeans.com/alexxis-slim-SGD1B74SHRM.html
agjeans,Alexxis Slim,VINTAGE SLIM,"22,400.00","['23', '24', '25', '26', '27', '29', '30', '31', '32']",SGD1B64RMRPBC,https://www.agjeans.com/deven-SGD1B64RMRPBC.html
agjeans,Farrah Skinny,HIGH-RISE SKINNY,"19,900.00","['23', '24', '25', '26', '27', '28', '29', '30', '31', '32']",RAS177707YCOV,https://www.agjeans.com/farrah-skinny-ankle-RAS177707YCOV.html
agjeans,Ezzra,TRUE BOYFRIEND,"21,900.00","['23', '24', '25', '26', '27', '28', '29', '30', '31', '32']",NBD1B11JTBWHE,https://www.agjeans.com/alexxis-short-NBD1B11JTBWHE.html
agjeans,Deven,HIGH-RISE ULTRA WIDE LEG,"23,400.00","['23', '26', '27', '28', '29', '30', '31', '32']",HZI1613RXBY,https://www.agjeans.com/caden-HZI1613RXBY.html
agjeans,Ex-Boyfriend Slim,SLOUCHY SLIM,"24,400.00","['XS', 'S', 'M', 'L']",VSL1B91SBA,https://www.agjeans.com/nova-jogger-short-VSL1B91SBA.html
agjeans,Prima Crop,CIGARETTE LEG,"22,400.00","['27', '28', '29', '30', '31', '32']",RAS143407YCOV,https://www.agjeans.com/prima-RAS143407YCOV.html
agjeans,Saige,HIGH-RISE STRAIGHT,"21,400.00","['XS', 'S', 'M', 'L', 'XL']",VBS4518HIGT,https://www.agjeans.com/darted-arkadia-jacket-VBS4518HIGT.html
agjeans,Farrah Skinny,HIGH-RISE SKINNY,"19,900.00","['23', '24', '25', '26', '27', '28', '29', '30', '31', '32']",SGD1979LM21YWSS,https://www.agjeans.com/alexxis-SGD1979LM21YWSS.html
agjeans,Ezzra,TRUE BOYFRIEND,"22,400.00","['23', '24', '25', '26', '27', '28', '29', '30', '31', '32']",NBD1B11SPAWDT,https://www.agjeans.com/alexxis-short-NBD1B11SPAWDT.html
agjeans,Mari,CORDUROY HIGH-RISE SLIM STRAIGHT,"21,400.00","['23', '24', '25', '26', '27', '29', '30', '31', '32']",EMP1875RMON,https://www.agjeans.com/mari-EMP1875RMON.html
agjeans,Saige,HIGH-RISE STRAIGHT,"19,900.00","['XS', 'S', 'M', 'L', 'XL']",LGN4529JSDC,https://www.agjeans.com/chelsea-jacket-LGN4529JSDC.html
agjeans,Farrah Skinny Ankle,HIGH-RISE SKINNY,"22,400.00","['23', '24', '27', '30', '32']",LED1604VN20YHOP,https://www.agjeans.com/nikki-short-LED1604VN20YHOP.html
agjeans,Ex-Boyfriend Slim,SLOUCHY SLIM,"19,900.00","['24', '26']",EMP1A4819YSYW,https://www.agjeans.com/mari-crop-EMP1A4819YSYW.html
agjeans,Mari,CORDUROY HIGH-RISE SLIM STRAIGHT,"19,900.00","['23', '24', '25', '26', '27', '28', '29', '30']",EMP138916YCPD,https://www.agjeans.com/legging-ankle-EMP138916YCPD.html
agjeans,Farrah Skinny,HIGH-RISE SKINNY,"19,900.00","['23', '24', '25', '26', '27', '28', '29', '30', '31', '32']",SGD1A98CH08YFEV,https://www.agjeans.com/knoxx-SGD1A98CH08YFEV.html
agjeans,Alexxis Slim,VINTAGE SLIM,"21,400.00","['23', '24', '25', '26', '27', '28', '29', '30', '31', '32']",DSD1979RHEPLTST,https://www.agjeans.com/alexxis-DSD1979RHEPLTST.html
agjeans,Prima Ankle,CIGARETTE ANKLE,"20,900.00","['23', '24', '25', '27', '28', '29', '30', '31', '32']",BKS1979SHAB,https://www.agjeans.com/alexxis-BKS1979SHAB.html
agjeans,Haruko Skirt,VINTAGE A- LINE SKIRT,"19,700.00","['29', '32']",EMP1855PAZA,https://www.agjeans.com/prima-ankle-EMP1855PAZA.html
agjeans,Mari,CORDUROY HIGH-RISE SLIM STRAIGHT,"22,400.00","['23', '24', '25', '26', '27', '28', '30', '31', '32']",BKS1979CHAB,https://www.agjeans.com/alexxis-BKS1979CHAB.html
agjeans,Alexxis,VINTAGE STRAIGHT,"19,900.00","['23', '24', '27', '29', '30', '31', '32']",VBS197910YELL,https://www.agjeans.com/alexxis-VBS197910YELL.html
agjeans,Alexxis,VINTAGE STRAIGHT,"23,400.00","['23', '24', '25', '26', '27', '28', '29', '30', '31', '32']",EMP1729LH10YCLE,https://www.agjeans.com/mila-EMP1729LH10YCLE.html
agjeans,Clove,RELAXED VINTAGE STRAIGHT,"23,400.00","['23', '24', '25', '26', '27', '28', '29', '30', '31', '32']",EMP1777LH10YCLE,https://www.agjeans.com/farrah-skinny-ankle-EMP1777LH10YCLE.html
agjeans,Farrah Skinny Ankle,HIGH-RISE SKINNY,"22,400.00","['27', '30', '31', '32']",TVN1434BRNX,https://www.agjeans.com/prima-TVN1434BRNX.html
agjeans,Ex-Boyfriend Slim,SLOUCHY SLIM,"22,400.00","['23', '24', '25', '26', '27', '28', '29', '30', '31', '32']",VBS1979ATHS,https://www.agjeans.com/alexxis-VBS1979ATHS.html
agjeans,Alexxis Slim,VINTAGE SLIM,"21,400.00","['23', '24', '25', '26', '27', '28', '29', '30', '31', '32']",DSDB1B76BBRD,https://www.agjeans.com/alexxis-slim-DSDB1B76BBRD.html
agjeans,Alexxis,VINTAGE STRAIGHT,"24,400.00","['23', '24', '25', '26', '27', '28', '29', '30', '31', '32']",NBD1979PWRNTMT,https://www.agjeans.com/alexxis-NBD1979PWRNTMT.html
agjeans,Prima,CIGARETTE LEG,"19,900.00","['23', '24', '25', '26', '27', '28', '29', '30', '31', '32']",VBS1B53ATHS,https://www.agjeans.com/renn-extended-VBS1B53ATHS.html
agjeans,Prima Ankle,CIGARETTE ANKLE,"19,900.00","['XS', 'S', 'M', 'L', 'XL']",DSDN4526EBCABM,https://www.agjeans.com/mirah-cropped-trucker-jacket-DSDN4526EBCABM.html
agjeans,Alexxis,VINTAGE STRAIGHT,"20,900.00","['XS', 'S', 'M', 'L', 'XL']",DSDN4471TYMAID,https://www.agjeans.com/mirah-cropped-trucker-jacket-DSDN4471TYMAID.html
agjeans,Prima,CIGARETTE LEG,"20,900.00","['XS', 'S', 'M', 'L', 'XL']",HAS4509CYSO,https://www.agjeans.com/mirah-fatigue-HAS4509CYSO.html
agjeans,Kinsley,HIGH-RISE FLARED CROP,"19,900.00","['XS', 'S', 'M', 'L', 'XL']",HAS6233SBA,https://www.agjeans.com/ryleigh-jumpsuit-HAS6233SBA.html
agjeans,Farrah Skinny,HIGH-RISE SKINNY,"19,900.00","['24', '26', '27', '29', '30', '31', '32']",EMP1434CSCR,https://www.agjeans.com/prima-EMP1434CSCR.html
agjeans,Alexxis Slim,VINTAGE SLIM,"19,900.00","['23', '24', '25', '32']",EMP1875CABA,https://www.agjeans.com/mari-EMP1875CABA.html
agjeans,Clove,RELAXED VINTAGE STRAIGHT,"21,400.00","['23', '24', '25', '26', '27', '28', '29', '30', '31', '32']",VBS1575BCATHS,https://www.agjeans.com/ex-boyfriend-slim-VBS1575BCATHS.html
agjeans,Alexxis,VINTAGE STRAIGHT,"21,400.00","['23', '24', '25', '30', '31', '32']",EMP1875TE10YBWY,https://www.agjeans.com/mari-EMP1875TE10YBWY.html
agjeans,Alexxis Slim,VINTAGE SLIM,"22,400.00","['23', '24', '25', '26', '27', '28', '29', '30', '31', '32']",VBS179718YPOL,https://www.agjeans.com/rhett-VBS179718YPOL.html
agjeans,Farrah Skinny,HIGH-RISE SKINNY,"19,900.00","['23', '24', '25', '27', '28', '31', '32']",EMP187518YPDE,https://www.agjeans.com/mari-EMP187518YPDE.html
agjeans,Ezzra,TRUE BOYFRIEND,"21,900.00","['XS', 'S', 'M', 'L']",NBD4471PWRNTMT,https://www.agjeans.com/mirah-jacket-NBD4471PWRNTMT.html
agjeans,Deven,HIGH-RISE ULTRA WIDE LEG,"23,400.00","['23', '24', '25']",EMP1B33BBLL,https://www.agjeans.com/mari-extended-EMP1B33BBLL.html
agjeans,Ex-Boyfriend Slim,SLOUCHY SLIM,"24,400.00","['27', '28', '29', '30', '31', '32']",PSI143407YBNS,https://www.agjeans.com/prima-PSI143407YBNS.html
agjeans,Prima Crop,CIGARETTE LEG,"22,400.00","['23', '30', '32']",STS1575RDWY,https://www.agjeans.com/ex-boyfriend-slim-STS1575RDWY.html
agjeans,Saige,HIGH-RISE STRAIGHT,"21,400.00","['23', '24', '25', '26', '27', '28', '30']",DSD1604FH01YTWT,https://www.agjeans.com/nikki-short-DSD1604FH01YTWT.html
agjeans,Farrah Skinny,HIGH-RISE SKINNY,"19,900.00","['23', '25', '26', '27', '28', '29', '30', '31', '32']",LGN1979BREZ,https://www.agjeans.com/alexxis-LGN1979BREZ.html
agjeans,Ezzra,TRUE BOYFRIEND,"22,400.00","['23', '24', '25', '26', '27', '28', '29', '30', '31', '32', '33']",DSDN1986RHTYMAID,https://www.agjeans.com/alexxis-crop-DSDN1986RHTYMAID.html
agjeans,Mari,CORDUROY HIGH-RISE SLIM STRAIGHT,"21,400.00","['23', '24', '25', '26', '27', '28', '29', '30', '31', '32', '33']",SSW1389RHSLRFGN,https://www.agjeans.com/legging-ankle-SSW1389RHSLRFGN.html
agjeans,Saige,HIGH-RISE STRAIGHT,"19,900.00","['23', '24', '25', '26', '27', '28', '29', '30', '31', '32', '33']",LGN1B52RHYALE,https://www.agjeans.com/kerah-short-LGN1B52RHYALE.html
agjeans,Farrah Skinny Ankle,HIGH-RISE SKINNY,"22,400.00","['XS', 'S', 'M', 'L']",LGN4545JSDC,https://www.agjeans.com/jemma-jacket-LGN4545JSDC.html
agjeans,Ex-Boyfriend Slim,SLOUCHY SLIM,"19,900.00","['XS', 'S', 'M', 'L']",SGD4540HOSH,https://www.agjeans.com/kendrix-jacket-SGD4540HOSH.html
agjeans,Mari,CORDUROY HIGH-RISE SLIM STRAIGHT,"19,900.00","['25', '27', '28', '29', '31']",EMP155726YBCS,https://www.agjeans.com/prima-crop-EMP155726YBCS.html
agjeans,Farrah Skinny,HIGH-RISE SKINNY,"19,900.00","['23', '29', '30', '31', '32']",LED1714VNSRAM,https://www.agjeans.com/hailey-cut-off-short-LED1714VNSRAM.html
agjeans,Alexxis Slim,VINTAGE SLIM,"21,400.00","['23', '24', '25', '26', '27', '28', '29', '30', '31', '32']",SSW1389RHSLSHBW,https://www.agjeans.com/legging-ankle-SSW1389RHSLSHBW.html
agjeans,Prima Ankle,CIGARETTE ANKLE,"20,900.00","['24', '25', '32']",HYI157511YVLO,https://www.agjeans.com/ex-boyfriend-slim-HYI157511YVLO.html
agjeans,Haruko Skirt,VINTAGE A- LINE SKIRT,"19,700.00","['28', '29', '30', '31', '32']",CHD1979JTMETO,https://www.agjeans.com/alexxis-CHD1979JTMETO.html
agjeans,Mari,CORDUROY HIGH-RISE SLIM STRAIGHT,"22,400.00","['24', '25', '27', '28', '29', '30', '31', '32']",VBS1B44RHBLLB,https://www.agjeans.com/darted-aven-short-VBS1B44RHBLLB.html
agjeans,Alexxis,VINTAGE STRAIGHT,"19,900.00","['23', '24', '25', '26', '27', '28', '29', '30', '31', '32']",LGN197924YALT,https://www.agjeans.com/alexxis-LGN197924YALT.html
agjeans,Alexxis,VINTAGE STRAIGHT,"23,400.00","['23', '24', '25', '26', '27', '28', '29', '30', '31', '32']",NBD1B11PRHCOWBCH,https://www.agjeans.com/alexxis-short-NBD1B11PRHCOWBCH.html
agjeans,Clove,RELAXED VINTAGE STRAIGHT,"23,400.00","['23', '24', '25', '26', '27', '28', '29', '30', '31', '32']",VBS1C1518YHID,https://www.agjeans.com/alexxis-VBS1C1518YHID.html
agjeans,Farrah Skinny Ankle,HIGH-RISE SKINNY,"22,400.00","['23', '24', '25', '26', '27', '28', '29', '30', '31', '32']",VBS1753HYBD,https://www.agjeans.com/isabelle-VBS1753HYBD.html
agjeans,Ex-Boyfriend Slim,SLOUCHY SLIM,"22,400.00","['23', '24', '25', '26', '27', '28', '29', '30', '31', '32']",DSDN1979MHVGPK,https://www.agjeans.com/alexxis-DSDN1979MHVGPK.html
agjeans,Alexxis Slim,VINTAGE SLIM,"21,400.00","['23', '24', '25', '26', '27', '28', '29', '30', '31', '32']",NBD1B11JTBOSS,https://www.agjeans.com/alexxis-short-NBD1B11JTBOSS.html
agjeans,Alexxis,VINTAGE STRAIGHT,"24,400.00","['23', '24', '25', '26', '27', '28', '29', '30', '31', '32']",JRN1676BT13YPDG,https://www.agjeans.com/phoebe-JRN1676BT13YPDG.html
agjeans,Prima,CIGARETTE LEG,"19,900.00","['23', '24', '25', '26', '27', '28', '29', '30', '31', '32']",SGD1B53CHTN,https://www.agjeans.com/renn-extended-SGD1B53CHTN.html
agjeans,Prima Ankle,CIGARETTE ANKLE,"19,900.00","['23', '24', '25', '26', '27', '28', '29', '30', '31', '32']",HRD1714RH23YCUL,https://www.agjeans.com/hailey-cut-off-short-HRD1714RH23YCUL.html
agjeans,Alexxis,VINTAGE STRAIGHT,"20,900.00","['23', '24', '25', '26', '27', '28', '29', '30', '31', '32']",NBD1D18SHEUDN,https://www.agjeans.com/renn-short-NBD1D18SHEUDN.html
agjeans,Prima,CIGARETTE LEG,"20,900.00","['23', '24', '25', '26', '27', '28', '29', '30', '31', '32']",SSW1389RHSLMAID,https://www.agjeans.com/legging-ankle-SSW1389RHSLMAID.html
agjeans,Kinsley,HIGH-RISE FLARED CROP,"19,900.00","['23', '24', '25', '26', '27', '28', '29', '30', '31', '32']",HRD1B82DWTW,https://www.agjeans.com/paperbag-renn-HRD1B82DWTW.html
agjeans,Farrah Skinny,HIGH-RISE SKINNY,"19,900.00","['23', '24', '25', '26', '27', '28', '29', '30', '31', '32']",DBD1379IDTT,https://www.agjeans.com/farrah-skinny-DBD1379IDTT.html
agjeans,Alexxis Slim,VINTAGE SLIM,"19,900.00","['23', '24', '25', '26', '27', '28', '29', '30', '31', '32']",EMP1777TE23YSWZ,https://www.agjeans.com/farrah-skinny-ankle-EMP1777TE23YSWZ.html
agjeans,Clove,RELAXED VINTAGE STRAIGHT,"21,400.00","['23', '24', '25', '26', '27']",HRD1915RH23YCUL,https://www.agjeans.com/becke-short-HRD1915RH23YCUL.html
agjeans,Alexxis,VINTAGE STRAIGHT,"21,400.00","['XS', 'S', 'M', 'L']",LGN4471CLIC,https://www.agjeans.com/mirah-cropped-trucker-jacket-LGN4471CLIC.html
agjeans,Alexxis Slim,VINTAGE SLIM,"22,400.00","['XS', 'S', 'M', 'L']",HRD6233DWTW,https://www.agjeans.com/ryleigh-jumpsuit-HRD6233DWTW.html
agjeans,Farrah Skinny,HIGH-RISE SKINNY,"19,900.00","['XS', 'S', 'M', 'L']",TEK71088VICT,https://www.agjeans.com/finley-shirt-TEK71088VICT.html
agjeans,Ezzra,TRUE BOYFRIEND,"21,900.00","['XS', 'S', 'M', 'L']",SGD4179EBFMEB,https://www.agjeans.com/mya-jacket-SGD4179EBFMEB.html
agjeans,Deven,HIGH-RISE ULTRA WIDE LEG,"23,400.00","['23', '24', '25', '26', '27', '29', '30', '32']",AHD1875MTRO,https://www.agjeans.com/mari-AHD1875MTRO.html
agjeans,Ex-Boyfriend Slim,SLOUCHY SLIM,"24,400.00","['27', '28', '29', '31', '32']",LGN1575JSDC,https://www.agjeans.com/ex-boyfriend-slim-LGN1575JSDC.html
agjeans,Prima Crop,CIGARETTE LEG,"22,400.00","['24', '27', '28', '29', '30', '31', '32']",LCN1434PLLN,https://www.agjeans.com/prima-LCN1434PLLN.html
agjeans,Saige,HIGH-RISE STRAIGHT,"21,400.00","['24', '27', '28', '29', '30', '31', '32']",SGD1D18SHSPST,https://www.agjeans.com/renn-short-SGD1D18SHSPST.html
agjeans,Farrah Skinny,HIGH-RISE SKINNY,"19,900.00","['23', '24', '26']",RAS1B33MITO,https://www.agjeans.com/mari-extended-RAS1B33MITO.html
agjeans,Ezzra,TRUE BOYFRIEND,"22,400.00","['23', '24', '26', '27', '28', '29', '30', '31', '32']",HRD1979BOST,https://www.agjeans.com/alexxis-HRD1979BOST.html
agjeans,Mari,CORDUROY HIGH-RISE SLIM STRAIGHT,"21,400.00","['24', '27', '28', '29', '30', '32']",EMP1434PAZA,https://www.agjeans.com/prima-EMP1434PAZA.html
agjeans,Saige,HIGH-RISE STRAIGHT,"19,900.00","['28', '29', '30', '31', '32']",PSI185513YCET,https://www.agjeans.com/prima-ankle-PSI185513YCET.html
agjeans,Farrah Skinny Ankle,HIGH-RISE SKINNY,"22,400.00","['23', '31']",RAS1662RHATTC,https://www.agjeans.com/jodi-crop-RAS1662RHATTC.html
agjeans,Ex-Boyfriend Slim,SLOUCHY SLIM,"19,900.00",['M'],EMP4087BBLL,https://www.agjeans.com/robyn-jacket-EMP4087BBLL.html
agjeans,Mari,CORDUROY HIGH-RISE SLIM STRAIGHT,"19,900.00","['23', '24', '31', '32']",DSD1B75VNAWHT,https://www.agjeans.com/alexxis-boot-DSD1B75VNAWHT.html
agjeans,Farrah Skinny,HIGH-RISE SKINNY,"19,900.00","['24', '29', '30', '31', '32']",DSD1714VN01YCIW,https://www.agjeans.com/hailey-cut-off-short-DSD1714VN01YCIW.html
agjeans,Alexxis Slim,VINTAGE SLIM,"21,400.00","['23', '24', '25', '26', '27', '28', '29', '30']",BKS1D19RHDIVN,https://www.agjeans.com/tomas-x-short-BKS1D19RHDIVN.html
agjeans,Prima Ankle,CIGARETTE ANKLE,"20,900.00","['23', '24', '25', '26', '27', '30', '31', '32']",SGD1A98HOSH,https://www.agjeans.com/knoxx-SGD1A98HOSH.html
agjeans,Haruko Skirt,VINTAGE A- LINE SKIRT,"19,700.00","['23', '29']",DSDB1B64RMMURU,https://www.agjeans.com/deven-DSDB1B64RMMURU.html
agjeans,Mari,CORDUROY HIGH-RISE SLIM STRAIGHT,"22,400.00","['23', '26', '27', '31']",HRD1D17RHHDLR,https://www.agjeans.com/alexxis-HRD1D17RHHDLR.html
agjeans,Alexxis,VINTAGE STRAIGHT,"19,900.00","['31', '32']",EMP1434BBLL,https://www.agjeans.com/prima-EMP1434BBLL.html
agjeans,Alexxis,VINTAGE STRAIGHT,"23,400.00","['30', '31', '32']",LED175320YLAM,https://www.agjeans.com/isabelle-LED175320YLAM.html
agjeans,Clove,RELAXED VINTAGE STRAIGHT,"23,400.00","['23', '26']",VBS1B75RHSANC,https://www.agjeans.com/alexxis-boot-VBS1B75RHSANC.html
agjeans,Farrah Skinny Ankle,HIGH-RISE SKINNY,"22,400.00","['29', '30', '31']",HRD1A98ATMO,https://www.agjeans.com/knoxx-HRD1A98ATMO.html
agjeans,Ex-Boyfriend Slim,SLOUCHY SLIM,"22,400.00",['32'],LED157508YCUU,https://www.agjeans.com/ex-boyfriend-slim-LED157508YCUU.html
agjeans,Alexxis Slim,VINTAGE SLIM,"21,400.00","['23', '31']",RAS1A48MITO,https://www.agjeans.com/mari-crop-RAS1A48MITO.html
agjeans,Alexxis,VINTAGE STRAIGHT,"24,400.00","['30', '31', '32']",STS1753RDWY,https://www.agjeans.com/isabelle-STS1753RDWY.html
agjeans,Prima,CIGARETTE LEG,"19,900.00",['32'],EMP1A4804YENC,https://www.agjeans.com/mari-crop-EMP1A4804YENC.html
agjeans,Prima Ankle,CIGARETTE ANKLE,"19,900.00",['24'],LGN1B64RMJSDC,https://www.agjeans.com/deven-LGN1B64RMJSDC.html
agjeans,Alexxis,VINTAGE STRAIGHT,"20,900.00",['23'],VBS1B76SANC,https://www.agjeans.com/alexxis-slim-VBS1B76SANC.html
agjeans,Prima,CIGARETTE LEG,"20,900.00",['L'],RLS4087DESI,https://www.agjeans.com/robyn-jacket-RLS4087DESI.html
agjeans,Kinsley,HIGH-RISE FLARED CROP,"19,900.00",['23'],HSI143405YOXN,https://www.agjeans.com/prima-HSI143405YOXN.html
agjeans,Farrah Skinny,HIGH-RISE SKINNY,"19,900.00","['25', '32']",EMP1875BBLL,https://www.agjeans.com/mari-EMP1875BBLL.html
agjeans,Alexxis Slim,VINTAGE SLIM,"19,900.00",['23'],RAS177710YALI,https://www.agjeans.com/farrah-skinny-ankle-RAS177710YALI.html
agjeans,Clove,RELAXED VINTAGE STRAIGHT,"21,400.00",0,0,0
agjeans,Alexxis,VINTAGE STRAIGHT,"21,400.00",0,0,0
agjeans,Alexxis Slim,VINTAGE SLIM,"22,400.00",0,0,0
agjeans,Farrah Skinny,HIGH-RISE SKINNY,"19,900.00",0,0,0
agjeans,Ezzra,TRUE BOYFRIEND,"21,900.00",0,0,0
agjeans,Deven,HIGH-RISE ULTRA WIDE LEG,"23,400.00",0,0,0
agjeans,Ex-Boyfriend Slim,SLOUCHY SLIM,"24,400.00",0,0,0
agjeans,Prima Crop,CIGARETTE LEG,"22,400.00",0,0,0
agjeans,Saige,HIGH-RISE STRAIGHT,"21,400.00",0,0,0
